{"1991":{"0":null,"1":null,"2":null,"3":null,"4":null,"5":null,"6":null,"7":null,"8":null,"9":null,"10":null,"11":null,"12":null,"13":null,"14":null,"15":null,"16":null,"17":null,"18":null,"19":null,"20":null,"21":null,"22":null,"23":null,"24":null,"25":null,"26":null,"27":null,"28":null,"29":null,"30":null,"31":null,"32":null,"33":null,"34":null,"35":null,"36":null,"37":null,"38":null,"39":null,"40":null,"41":null,"42":null,"43":null,"44":null,"45":null,"46":null,"47":null,"48":null,"49":null,"50":null,"51":null,"52":null,"53":null,"54":null,"55":null,"56":null,"57":null,"58":null,"59":null,"60":null,"61":null,"62":null,"63":null,"64":null,"65":null,"66":null,"67":null,"68":null,"69":null,"70":null,"71":null,"72":null,"73":null,"74":null,"75":null,"76":null,"77":null,"78":null,"79":null,"80":null,"81":null,"82":null,"83":null,"84":null,"85":null,"86":null,"87":null,"88":null,"89":null,"90":null,"91":null,"92":null,"93":null,"94":null,"95":null,"96":null,"97":null,"98":null,"99":null,"100":null,"101":null,"102":null,"103":null,"104":null,"105":null,"106":null,"107":null,"108":null,"109":null,"110":null,"111":null,"112":null,"113":null,"114":null,"115":null,"116":null,"117":null,"118":null,"119":null,"120":null,"121":null,"122":null,"123":null,"124":null,"125":null,"126":null,"127":null,"128":null,"129":null,"130":null,"131":null,"132":null,"133":null,"134":null,"135":null,"136":null,"137":null,"138":null,"139":null,"140":null,"141":null,"142":null,"143":null,"144":null,"145":null,"146":null,"147":null,"148":null,"149":null,"150":null,"151":null,"152":null,"153":null,"154":null,"155":null,"156":null,"157":null,"158":null,"159":null,"160":null,"161":null,"162":null,"163":null,"164":null,"165":null,"166":null,"167":null,"168":null,"169":null,"170":null,"171":null,"172":null,"173":null,"174":null,"175":null,"176":null,"177":null,"178":null,"179":null,"180":null,"181":null,"182":null,"183":null,"184":null,"185":null,"186":null,"187":null,"188":null,"189":null,"190":null,"191":null,"192":null,"193":null,"194":null,"195":null,"196":null,"197":null,"198":null,"199":null,"200":null,"201":null,"202":null,"203":null,"204":null,"205":null,"206":null,"207":null,"208":null,"209":null,"210":null,"211":null,"212":null,"213":null,"214":null,"215":null,"216":null,"217":null,"218":null,"219":null,"220":null,"221":null,"222":null,"223":null,"224":null,"225":null,"226":null,"227":null,"228":null,"229":null,"230":null,"231":null,"232":null,"233":null,"234":null,"235":null,"236":null,"237":null,"238":null,"239":null,"240":null,"241":null,"242":null,"243":null,"244":null,"245":null,"246":null,"247":null,"248":null,"249":null,"250":null,"251":null,"252":null,"253":null,"254":null,"255":null,"256":null,"257":null,"258":null,"259":null,"260":null,"261":null,"262":null,"263":null,"264":null,"265":null,"266":null,"267":null,"268":null,"269":null,"270":null,"271":null,"272":null,"273":0.0,"274":22.2,"275":43.4,"276":23.0,"277":0.0,"278":0.0,"279":7.6,"280":1.8,"281":0.0,"282":0.0,"283":3.1,"284":0.0,"285":21.6,"286":0.0,"287":0.0,"288":0.0,"289":0.0,"290":0.0,"291":0.0,"292":0.0,"293":0.0,"294":0.0,"295":0.0,"296":0.0,"297":0.0,"298":0.0,"299":0.0,"300":0.0,"301":0.0,"302":12.5,"303":10.2,"304":0.0,"305":8.0,"306":0.0,"307":4.0,"308":0.0,"309":0.0,"310":0.0,"311":29.1,"312":0.0,"313":0.0,"314":0.0,"315":0.0,"316":0.0,"317":8.0,"318":0.0,"319":0.0,"320":0.0,"321":8.2,"322":0.0,"323":0.0,"324":0.0,"325":0.0,"326":5.7,"327":0.0,"328":16.1,"329":0.0,"330":0.0,"331":0.0,"332":0.0,"333":0.0,"334":0.0,"335":13.0,"336":0.0,"337":0.0,"338":0.0,"339":0.0,"340":0.0,"341":0.0,"342":5.5,"343":0.0,"344":0.0,"345":0.0,"346":0.0,"347":0.0,"348":0.0,"349":0.0,"350":0.0,"351":0.0,"352":0.0,"353":0.0,"354":12.5,"355":0.0,"356":0.0,"357":0.0,"358":0.0,"359":0.0,"360":0.0,"361":6.5,"362":0.0,"363":0.0,"364":0.0}}