field_1,Codigo,Nombre,Elevacion,Lat,Lon,Norte,Este
"0","24020080",VALLE DE SAN JOSE,"1300",6.441111110000000,-73.142777780000003,2269733.186760,4984218.331977
"1","24030210",CERRITO,"2440",6.836111110000000,-72.697222220000000,2313389.254857,5033440.414151
"2","24030270",SAN ANDRES,"1702",6.830000000000000,-72.844166670000007,2312706.234147,5017211.235963
"3","23190140",PLAYON EL,"500",7.464722220000000,-73.201388890000004,2382847.234636,4977787.970711
"4","23190700",PIEDECUESTA GRANJA,"10",6.993333330000000,-73.067777780000000,2330752.630495,4992516.762363
"5","21115020",AEROPUERTO BENITO SALAS,"439",2.948750000000000,-75.293055559999999,1884109.857931,4745209.763312
"6","24010230",CONFINES,"1523",6.355277780000000,-73.239722220000004,2260252.569562,4973498.293092
"7","24020120",COROMORO,"1520",6.299444440000000,-73.044722219999997,2254077.099747,4995055.364013
"8","23080650",CAMPOALEGRE,"1850",6.073777780000000,-75.335611110000002,2229698.542253,4741587.176256
"9","23080740",CONCEPCION,"1280",6.396944440000000,-75.259166669999999,2265399.487624,4750202.532039
"10","23180070",SABANA DE TORRES,"144",7.390000000000000,-73.489444440000000,2374614.694783,4946007.461091
"11","23190340",MATAJIRA,"996",7.213333330000000,-73.064722219999993,2355063.210877,4992857.517947
"12","23210010",PUERTO MOSQUITO,"90",8.185000000000000,-73.755277780000000,2462515.505999,4916837.918722
"13","26040290",AGUADA LA,"293",2.880527780000000,-76.407499999999999,1876876.199384,4621234.269707
"14","27020210",ANGOSTURA,"1650",6.883055560000000,-75.332472220000000,2319194.951722,4742345.962410
"15","21020040",VISO EL,"117",2.017138890000000,-75.907222219999994,1781204.597611,4676688.093747
"16","21060070",GIGANTE 2,"850",2.388916670000000,-75.538083330000006,1822253.102155,4717839.004972
"17","23190560",SAN RAFAEL,"84",7.574444440000000,-73.559722219999998,2395006.736087,4938280.548122
"18","26020460",POLINDARA,"2507",2.487583330000000,-76.404666669999997,1833382.567379,4621428.413430
"19","24020130",CURITI 2,"1626",6.598250000000000,-73.056111110000003,2287095.196247,4993799.802227
"20","26030070",DINDE,"1246",2.697416670000000,-76.754722220000005,1856722.488211,4582520.667375
"21","26070760",FLORIDA,"159",3.327777780000000,-76.239138890000007,1926316.905325,4640120.899100
"22","21160160",LLANITOS,"1388",3.620555560000000,-74.799722220000007,1958273.137971,4800180.167842
"23","24010210",JESUS MARIA,"1920",5.873333330000000,-73.781666670000007,2207052.714861,4913505.613899
"24","24030680",PARAMO EL,"2394",6.653333330000000,-72.590833329999995,2293200.290549,5045207.688460
"25","23100030",TIGRE EL,"1450",6.840472220000000,-74.785666669999998,2314226.828199,4802752.773204
"26","26230010",OLAYA,"575",6.628722220000000,-75.810888890000001,2291342.355922,4689297.700792
"27","26240060",MANIZALES,"75",7.836666670000000,-75.415000000000006,2424709.361631,4733794.237117
"28","21130180",ALTAMIRA DC HACIENDA,"500",3.453611110000000,-75.150888890000004,1939899.400658,4761131.204443
"29","26230200",SABANALARGA,"10",6.846000000000000,-75.814805559999996,2315382.638146,4689003.086786
"30","21030090",JAGUA LA,"755",2.202944440000000,-75.677722220000007,1801712.432192,4702265.632548
"31","26170150",PUEBLORRICO,"2100",5.791055560000000,-75.838805559999997,2198686.962064,4685712.369983
"32","26210090",ANZA,"550",6.303138890000000,-75.859250000000003,2255352.017873,4683745.179356
"33","26040250",CORINTO,"1107",3.179111110000000,-76.247694440000004,1909867.515584,4639116.347036
"34","21040030",OPORAPA,"1614",2.030944440000000,-76.100305559999995,1782771.877976,4655197.826020
"35","21060040",PITA LA,"1330",2.202027780000000,-75.548583330000000,1801585.844058,4716634.089943
"36","21060080",GARZON,"990",2.190083330000000,-75.605055559999997,1800275.626987,4710348.585901
"37","21115060",SAN JOSE,"400",3.329222220000000,-75.184055560000004,1926154.123427,4757415.051520
"38","21180160",SUAREZ,"319",4.055944440000000,-74.841499999999996,2006413.715187,4795643.669577
"39","21201300",AUSTRALIA,"3050",4.394250000000001,-74.132000000000005,2043656.416718,4874446.681064
"40","23190590",FLORESTA LA,"925",7.090277780000000,-73.123888890000003,2341466.519966,4986324.455746
"41","25020530",LA ILUSION,"500",8.025499999999999,-75.089749999999995,2445397.841157,4769768.336086
"42","26160080",SALAMINA CONC BARC,"1890",5.395444440000000,-75.489305560000005,2154750.807934,4724246.256609
"43","26220090",GIRALDO,"10",6.688055560000000,-75.957222220000006,2298001.444998,4673148.296026
"44","26010020",COCONUCO,"2419",2.343361110000000,-76.495500000000007,1817444.440156,4611274.956894
"45","21010110",INSFOPAL,"1265",1.844916670000000,-76.074416670000005,1762182.945821,4658042.475850
"46","23155030",AEROPUERTO YARIGUIES,"126",7.026388890000000,-73.808611110000001,2334481.872938,4910725.941836
"47","25021480",ESPERANZA LA RADIO,"31",8.031944440000000,-74.788527779999995,2445953.410914,4802968.969192
"48","26160090",PACORA PLAZA FERIA,"712",5.522444440000000,-75.455083329999994,2168781.126496,4728096.839799
"49","21050250",ALTAMIRA,"2235",2.501000000000000,-76.095166669999998,1834782.215882,4655881.110885
"50","27010900",GOMEZ PLATA,"1850",6.677805560000000,-75.219805559999998,2296438.580407,4754693.937154
"51","21110090",POTOSI,"400",3.387138890000000,-75.169250000000005,1932554.271299,4759074.515830
"52","24035130",U P T C,"2690",5.543077500000000,-73.360813059999998,2170512.275746,4960052.767397
"53","21080080",MINA LA,"1800",2.793055560000000,-75.632000000000005,1866972.575992,4707483.854373
"54","21130110",PRAGA,"185",3.268583330000000,-75.490666669999996,1919528.601596,4723322.560781
"55","27010870",BELMIRA,"2540",6.609166670000000,-75.668333329999996,2289092.053212,4705054.963587
"56","21200620",PISCIS,"2820",5.079166670000000,-73.696861110000000,2119281.717472,4922788.288681
"57","21201180",GUANQUICA,"2950",5.184277780000000,-73.941111109999994,2130931.742023,4895740.532157
"58","25020940",VILLANUEVA,"45",8.332777780000002,-74.735555559999995,2479187.637074,4808949.775211
"59","25020810",ASTILLEROS,"40",8.291333330000002,-74.605722220000004,2474545.489616,4823227.037410
"60","26180200",MONTEBELLO,"560",5.950833330000000,-75.536833329999993,2216200.592256,4719247.016477
"61","26020230",ROSARIO EL,"1767",2.606555560000000,-76.756083329999996,1846662.213355,4582338.549694
"62","27030090",BOSQUE EL,"220",7.319305560000000,-74.839333330000002,2367188.171089,4797032.253495
"63","26080280",PICHINDE,"1637",3.438194440000000,-76.601555559999994,1938680.818467,4599850.179750
"64","21050090",NATAGA,"1545",2.551444440000000,-75.806500000000000,1840290.178544,4688014.055332
"65","21245040",AEROPUERTO PERALES,"943",4.424138890000000,-75.139416670000003,2047205.774960,4762681.226303
"66","27020200",CEDENO,"2400",7.070722220000000,-75.355583330000002,2339962.194173,4739895.324981
"67","26210070",CAICEDO,"550",6.405972220000000,-75.981277779999999,2266805.822544,4670301.833052
"68","25020410",CANDELARIA LA,"28",8.219444440000000,-74.728750000000005,2466654.517043,4809644.716628
"69","21010130",BAJO FRUTAL,"1660",1.810388890000000,-76.246694439999999,1758396.015854,4638853.578532
"70","27030210",ZARAGOZA,"50",7.486222220000000,-74.872388889999996,2385657.822329,4793461.098273
"71","26220100",GRANJA LA,"1950",7.249638890000000,-75.734083330000004,2359983.825422,4698190.139014
"72","26220110",SANTA RITA,"530",7.323750000000000,-75.616861110000002,2368105.344145,4711186.555093
"73","21020050",PUENTE SALADOBLANC,"146",1.984222220000000,-76.013750000000002,1777584.254770,4664823.667229
"74","21110070",BARAYA,"615",3.150333330000000,-75.057333330000006,1906345.769890,4771456.284670
"75","24040050",SANTA ISABEL,"1300",6.644444440000000,-73.202777780000005,2292203.946722,4977595.384771
"76","23190710",BARRANCA LEBRIJA,"50",8.011833330000000,-73.724444439999999,2443371.510559,4920199.002765
"77","26020120",CALOTO,"1136",3.030083330000000,-76.406666670000007,1893429.422038,4621377.814220
"78","24050060",SAN VICENTE,"721",6.872777780000000,-73.410833330000003,2317449.929712,4954628.640726
"79","21010180",TABOR EL,"1700",1.695277780000000,-76.155222219999999,1745640.352369,4649017.517934
"80","21110290",VICTORIA LA,"400",3.349555560000000,-75.170305560000003,1928398.984771,4758947.972092
"81","26230140",PLACITA LA,"1250",6.720888890000000,-75.758055560000003,2301505.603198,4695199.205487
"82","27010880",MONTANITAS,"2630",6.702861110000000,-75.392222219999994,2299298.878309,4735643.560639
"83","24010640",BOLIVAR,"2165",5.986111110000000,-73.770833330000002,2219513.844596,4914721.758628
"84","23120210",COPER,"190",5.474666670000000,-74.045916669999997,2163041.861853,4884183.024310
"85","26020130",TOTORO,"2427",2.541833330000000,-76.418805559999996,1839391.328777,4619870.152361
"86","26090060",JUNTAS LAS,"1826",3.773222220000000,-76.165555560000001,1975582.654536,4648473.503544
"87","29030160",FLAMENCO,"12",9.969166670000000,-75.400277779999996,2660566.301852,4736948.023513
"88","21030060",SAN ADOLFO,"1345",1.714277780000000,-76.022083330000001,1747718.874630,4663845.122825
"89","21050150",PAEZ PAICOL RADIO,"788",2.458416670000000,-75.758333329999999,1829988.181504,4693351.045485
"90","26160160",MARIA LA,"1480",5.587500000000000,-75.577500000000001,2176034.087014,4714561.587914
"91","21185040",AEROPUERTO SANTIAGO VILA,"305",4.275444440000000,-74.798000000000002,2030667.685820,4800527.914790
"92","26175030",NACIONAL GRANJA LA,"1153",5.717333330000000,-75.690916669999993,2190452.164429,4702059.108549
"93","26180180",SONSON,"2180",5.715250000000000,-75.294499999999999,2190031.316975,4745974.992494
"94","23190110",LIBANO EL,"164",7.838055560000000,-73.428055560000004,2424121.577708,4952828.655513
"95","21030050",GUADALUPE,"893",2.026250000000000,-75.775361110000006,1782186.807433,4691365.879886
"96","21170030",MAPORITA LA DC HACIENDA,"311",3.947222220000000,-74.856888889999993,1994398.473521,4793908.135969
"97","23085030",ALEJANDRIA,"1712",6.376250000000000,-75.143388889999997,2263056.338200,4763000.650479
"98","26230110",SAN ANDRES,"1600",6.909833330000000,-75.669861109999999,2322352.322131,4705068.521121
"99","26020320",TERMALES PILIMBALA,"3482",2.363083330000000,-76.404055560000003,1819602.270667,4621461.757155
"100","21050290",TESALIA 2,"825",2.491277780000000,-75.728499999999997,1833616.246790,4696677.681987
"101","23190210",MAGARA,"89",7.593333330000000,-73.681388889999994,2397113.353812,4924867.324045
"102","23180080",ELOY VALENZUELA,"90",7.489444440000000,-73.678333330000001,2385631.808919,4925186.417666
"103","24035120",SURBATA BONZA,"2485",5.802444440000000,-73.074472220000004,2199159.847756,4991758.580081
"104","26140120",MISTRATO,"1483",5.294250000000000,-75.872722220000000,2143742.526697,4681687.929293
"105","21201320",UNION LA,"2640",4.509361110000000,-74.268805560000004,2056402.798202,4859292.726190
"106","21201650",SANTA ROSITA,"2750",5.115916670000000,-73.757388890000001,2123350.280445,4916086.252460
"107","21010200",SULCHOMISCO,"1800",1.850305560000000,-76.317555560000002,1762828.021540,4630970.747545
"108","21110330",POLONIA,"429",3.187388890000000,-75.218416669999996,1910479.810651,4753562.109554
"109","27030140",PALMA DE COCO LA,"100",7.236111110000000,-74.807944440000000,2357976.366889,4800460.322970
"110","21201230",ENMANUEL D ALZON,"2520",4.701125000000000,-74.070305559999994,2077559.696353,4881340.436998
"111","25020030",GUACAMAYO,"30",8.727222220000000,-74.512222219999998,2522691.369448,4833711.003144
"112","21050190",MEREMBERG HACIENDA,"2220",2.218055560000000,-76.117361110000004,1803479.702004,4653340.909135
"113","22015020",RELATOR,"1160",3.529138890000000,-75.631416669999993,1948387.591998,4707755.066855
"114","26230220",OCULTA LA,"2300",6.779388890000000,-75.638583330000003,2307903.758605,4708446.836561
"115","21110160",MESA REDONDA,"500",3.118472220000000,-75.199027779999994,1902855.028180,4755700.938123
"116","21080030",YAGUARA,"600",2.669611110000000,-75.528861109999994,1853294.889362,4718925.422284
"117","26040310",RIO PALO,"19",3.070611110000000,-76.377833330000001,1897905.042412,4624600.222006
"118","21160080",BOQUERON,"337",3.753805560000000,-74.900888890000004,1973027.000633,4788975.252893
"119","22070010",RONCESVALLES,"2581",4.006638890000000,-75.607749999999996,2001194.037528,4710543.381473
"120","23190400",GALVICIA LA,"1779",7.124444440000000,-73.057222220000000,2345240.597863,4993683.963635
"121","21010040",LAGUNA LA,"1334",1.961472220000000,-76.085694439999997,1775081.781648,4656809.957864
"122","24030790",NOBSA,"2500",5.773416670000000,-72.940250000000006,2195952.168685,5006612.531658
"123","26210140",ALTAMIRA,"232",6.218527780000000,-75.945499999999996,2246043.566267,4674144.598138
"124","27030040",GUAMO EL,"40",7.904416670000000,-74.813999999999993,2431866.176163,4800100.049560
"125","21010140",CANDELA LA,"1940",1.864388890000000,-76.360833330000006,1764395.819057,4626154.181647
"126","21250460",VENADILLO,"430",4.663805560000000,-74.917749999999998,2073634.754288,4787349.967022
"127","24010710",MONIQUIRA,"1764",5.852166670000000,-73.576416670000000,2204686.191143,4936215.792073
"128","24030640",NIMICIA ESCUELA RURAL,"3200",5.782361110000000,-72.769805559999995,2196945.312125,5025475.278725
"129","23160010",YONDO,"85",7.089444440000000,-73.944166670000001,2341478.604064,4895772.922865
"130","21130050",PEREZ HACIENDA,"450",3.243555560000000,-75.255944439999993,1916699.502633,4749404.836289
"131","24010870",PALERMO,"2200",5.899527780000000,-73.196194439999999,2209890.577960,4978291.978440
"132","26185020",MESOPOTAMIA,"2408",5.886361110000000,-75.318638890000003,2208964.610433,4743378.571879
"133","27010840",SAN PABLO,"1900",6.602000000000000,-75.246527779999994,2288069.101520,4751701.420827
"134","21160050",PINALITO HACIENDA,"827",3.671722220000000,-74.842972219999993,1963939.125624,4795388.139636
"135","28010370",PARIS DE FRANCIA,"180",10.307083329999999,-73.325444439999998,2696976.724544,4964380.827060
"136","21170020",DOS AGUAS LAS,"3394",4.258277780000000,-74.783611109999995,2028766.270490,4802120.352820
"137","28030190",CARACOLI,"220",10.088694439999999,-73.731722219999995,2672911.799364,4919858.396876
"138","29060270",PALO ALTO,"25",10.722500000000000,-74.271916669999996,2743158.780405,4860967.541049
"139","25020690",POPONTE,"500",9.423277779999999,-73.410944439999994,2599308.317704,4954902.873107
"140","29060310",SEVILLANO,"5",10.933055560000000,-74.252444440000005,2766426.906599,4863191.959413
"141","21060090",HOBO EL,"636",2.574805560000000,-75.435527780000001,1842789.547360,4729285.099217
"142","21170040",MESAS LAS,"849",3.912138890000000,-74.822444439999998,1990511.668496,4797723.888049
"143","29030310",NISPERO EL,"10",9.933888890000000,-75.417500000000004,2656677.904304,4735031.073628
"144","26010030",PURACE,"2652",2.380861110000000,-76.454777780000001,1821584.038858,4615819.438521
"145","27010820",CUCHILLA LA,"1600",6.368333330000000,-75.453611109999997,2262333.754809,4728675.216934
"146","21015030",PARQUE ARQUEOLOGIC,"1800",1.888472220000000,-76.294972220000005,1767047.265047,4633493.539654
"147","24060050",MESA LA,"1460",6.759166670000000,-73.092777780000006,2304877.248826,4989751.533295
"148","26050270",SILENCIOSO EL,"1156",3.115638890000000,-76.719416670000001,1903016.909973,4586604.419727
"149","26075040",AEROPUERTO A BONILLA,"970",3.536688890000000,-76.386638890000000,1949494.941671,4623796.390649
"150","23090020",VIRGINIAS,"975",6.393555560000000,-74.681805560000001,2264780.059672,4814061.581495
"151","21010220",MORELIA,"1625",2.065888890000000,-76.185000000000002,1786657.138636,4645776.555739
"152","21065040",ZULUAGA,"1270",2.252500000000000,-75.529444440000006,1807164.223820,4718773.037233
"153","21120040",POTRERITO,"850",3.141083330000000,-75.379472219999997,1905399.087593,4735649.191733
"154","21140080",MIRAFLORES,"149",3.480527780000000,-74.743777780000002,1942782.160309,4806364.338781
"155","22060110",GUAINI,"746",3.717722220000000,-75.423555559999997,1969180.074781,4730910.245329
"156","21010230",BETANIA TV,"1949",1.905805560000000,-76.304249999999996,1768967.540817,4632464.070924
"157","21050140",HATILLO EL,"900",2.510777780000000,-75.615666669999996,1835747.550302,4709234.389444
"158","21090020",CUCHARO EL,"620",2.855555560000000,-75.399194440000002,1873828.751681,4733387.646930
"159","21120090",TOTUMO EL,"700",2.870333330000000,-75.490972220000003,1875484.783026,4723185.998451
"160","21090040",PAPAGAYO HACIENDA,"460",2.777583330000000,-75.347527779999993,1865194.605649,4739115.031189
"161","27015110",ARAGON,"2652",6.781083330000000,-75.560888890000001,2308045.133866,4717038.442167
"162","24025030",SIERRA LA,"2700",5.966388890000000,-73.163891390000003,2217277.450280,4981868.358824
"163","26210110",PENALISA,"2100",5.934916670000000,-75.861166670000003,2214615.242722,4683315.977162
"164","26020220",MORALES,"1692",2.769416670000000,-76.624194439999997,1864649.521244,4597077.619543
"165","26020180",SATE,"1742",2.496250000000000,-76.638361110000005,1834411.567498,4595412.171712
"166","21050310",ESCUELA RIOSUCIO  2,"2750",2.446833330000000,-76.168916670000002,1828807.861015,4647659.007004
"167","24030320",CARCASI,"224",6.627500000000000,-72.629999999999995,2290342.223117,5040882.341631
"168","25021500",PUEBLITO EL,"35",9.581166670000000,-74.352249999999998,2617022.498893,4851659.910364
"169","26030090",REMOLINO ALERTAS,"1628",2.515000000000000,-76.829722219999994,1836548.443090,4574107.749376
"170","27015260",SALADA LA,"1923",6.048361110000000,-75.624666669999996,2227033.810218,4709571.542590
"171","21130010",PURIFICACION,"305",3.847333330000000,-74.936499999999995,1983375.515183,4785043.615014
"172","24035330",BOAVITA,"2150",6.328972220000000,-72.582277779999998,2257358.243788,5046182.525953
"173","23190350",LLANO DE PALMAS,"778",7.240138890000000,-73.195361109999993,2358029.441143,4978441.973456
"174","23190450",VETAS-EL POZO,"3220",7.308888890000000,-72.878333330000004,2365623.745395,5013423.813963
"175","25020270",SALOA,"90",9.193166670000000,-73.731305559999996,2573933.027656,4919692.449843
"176","29050020",SALAMINA,"15",10.487527780000001,-74.790000000000006,2717458.632488,4804171.954629
"177","29060180",ESPERANZA LA,"25",10.742527780000000,-74.306277780000002,2745388.603711,4857220.348601
"178","29060540",SAN RAFAEL,"10",10.590611109999999,-74.647000000000006,2728770.669622,4819880.487407
"179","25021040",MENCHIQUEJO,"25",9.188055560000000,-74.044222219999995,2573453.165746,4885325.101217
"180","26190090",BETANIA-LAS GUACAS,"1600",5.755000000000000,-75.975527779999993,2194775.254425,4670541.703841
"181","26210130",GUASABRA,"1800",6.503333330000000,-75.955833330000004,2277561.977764,4673180.717663
"182","21215080",CHICORAL,"432",4.231527780000001,-74.995361110000005,2025866.395137,4778611.531246
"183","25021240",CHIMICHAGUA,"138",9.260083330000001,-73.809861110000000,2581347.522038,4911082.195623
"184","26230160",BRICENO,"1440",7.105277780000000,-75.511666669999997,2343874.481758,4722670.764521
"185","21010060",MEDIANIA,"1763",2.020833330000000,-76.172138889999999,1781668.537139,4647198.538471
"186","28040320",BRILLANTE EL,"135",9.702750000000000,-73.959138890000006,2630316.490566,4894825.994371
"187","24010410",EMPORIO EL HACIENDA,"2120",5.602083330000000,-73.545277780000006,2177048.091473,4939635.370413
"188","25021610",AGRADO EL,"100",9.685666670000000,-74.504861109999993,2628644.805668,4834965.980901
"189","26135040",AEROPUERTO MATECANA,"1199",4.815861110000000,-75.737222220000007,2090755.446650,4696490.669025
"190","24040060",REMOLINO,"630",6.606111110000000,-73.276111110000002,2287971.961111,4969490.485769
"191","29060100",SANTA ROSA DE LIMA,"75",10.402749999999999,-74.108000000000004,2707743.555832,4878762.109734
"192","29030170",GAMERO,"10",10.200277780000000,-75.201944440000005,2685975.219863,4758866.512421
"193","21110440",GUADUAL EL,"735",2.795666670000000,-75.239277779999995,1867170.776158,4751155.137989
"194","21240030",SAN JUAN DE CHINA,"1980",4.542444440000000,-75.075388889999999,2060266.025220,4769823.818917
"195","28040010",PUEBLO BELLO,"10",10.414638890000001,-73.585027780000004,2708904.923954,4935991.112677
"196","26200150",FREDONIA,"1650",5.936750000000000,-75.685111109999994,2214720.369451,4702817.937413
"197","21035040",LIBANO EL,"145",1.868388890000000,-75.827777780000005,1764733.927405,4685502.858813
"198","21110040",HATO MILAGRO,"548",3.074888890000000,-75.168416669999999,1898029.035705,4759093.432687
"199","26025090",VENTA DE CAJIBIO,"185",2.584750000000000,-76.561833329999999,1844185.382209,4603960.263503
"200","24055040",PALMAR EL,"940",6.549722220000000,-73.292000000000002,2281741.889545,4967731.155068
"201","29050010",TIOGOLLO,"41",10.344416669999999,-74.732111110000005,2701599.437106,4810420.397147
"202","21160170",FIQUE EL,"140",3.709333330000000,-74.790833329999998,1968085.057007,4801187.020726
"203","21200780",POTRERO LARGO,"2780",4.929222220000000,-73.780472219999993,2102722.767429,4913504.010864
"204","24030240",SUSACON,"2550",6.231750000000000,-72.689333329999997,2246606.827611,5034352.919084
"205","21100080",NUEVO PARAISO,"1525",2.615277780000000,-75.206694440000007,1847218.232765,4754741.565833
"206","23080760",SAN ROQUE,"820",6.487500000000000,-75.016999999999996,2275300.516796,4777030.132156
"207","21110120",YEGUERA LA,"400",3.305333330000000,-75.200777779999996,1923516.834267,4755550.915760
"208","25020660",ZAPATOZA,"90",9.009750000000000,-73.754027780000001,2553666.483116,4917154.894860
"209","21110180",HATO BOGOTA,"591",3.036027780000000,-75.159722220000006,1893730.297537,4760051.189737
"210","24030700",COVARACHIA,"2400",6.514750000000000,-72.732944439999997,2277875.877859,5029514.269929
"211","27015190",GUAYABITO,"1440",6.540388890000000,-75.146749999999997,2281207.707955,4762705.361349
"212","23190380",PALMAS,"855",7.211083330000000,-73.217888889999998,2354819.811062,4975954.494394
"213","21210200",BUENOS AIRES,"728",4.335138890000000,-75.073444440000003,2037344.778514,4769975.342699
"214","21010250",HORNITOS,"2222",1.977805560000000,-76.253527779999999,1776924.749947,4638127.461796
"215","21115100",PALACIO-VEGALARGA,"1100",2.942638890000000,-75.066388889999999,1883384.872156,4770405.857648
"216","26080290",MEDIACANOA-ALERTAS,"962",3.890888890000000,-76.350833330000000,1988683.115914,4627927.074730
"217","27010850",AMALFI,"1530",6.905555560000000,-75.077222219999996,2321552.682014,4770565.538546
"218","22065040",SAN ANTONIO QUINTA,"1448",3.906916670000000,-75.488083329999995,1990123.925817,4723801.675298
"219","23085140",SAN FRANCISCO,"1325",5.963805560000000,-75.100694439999998,2217432.211942,4767543.778545
"220","26200130",BOLOMBOLO,"1700",5.967777780000000,-75.842222219999996,2218239.917852,4685433.231505
"221","24030570",APOSENTOS,"2328",6.062083330000000,-72.635333329999995,2227862.354973,5040336.985354
"222","25021600",APURE,"85",9.872500000000000,-74.580388889999995,2649338.211535,4826777.904149
"223","27010770",CHUSCAL EL,"255",6.178333330000000,-75.705083329999994,2241454.967897,4700739.088445
"224","24030840",ANTENA TV RUSIA LA,"3650",5.891638890000000,-73.082388890000004,2209015.727767,4990883.930127
"225","24010110",COMODA LA,"1520",6.076944440000000,-73.469166670000007,2229513.418294,4948105.120216
"226","21040020",ANTENA TV,"2210",2.334027780000000,-75.728472220000000,1816222.255120,4696645.876648
"227","23120050",MUZO,"850",5.534805560000000,-74.101222219999997,2169699.133703,4878070.430919
"228","25020220",ASTREA,"50",9.492944440000000,-73.972888889999993,2607130.586059,4893252.446096
"229","26020160",CATALINA LA,"1441",2.945166670000000,-76.651750000000007,1884116.888007,4594071.869390
"230","26080070",VIJES,"974",3.698527780000000,-76.429722220000002,1967426.205686,4619072.554342
"231","29030780",MAMPUJAN,"60",9.983611110000000,-75.227500000000006,2662031.309281,4755903.286866
"232","21140010",VENADO EL,"584",3.291583330000000,-74.903972220000000,1921928.619527,4788528.461307
"233","21140120",CRUCES LAS,"1400",3.425861110000000,-74.920249999999996,1936776.722832,4786748.995660
"234","21201210",HATO EL,"2575",4.866388890000000,-74.153861109999994,2095838.703889,4872106.519856
"235","24060040",AGUASCLARAS,"132",7.264166670000000,-73.548055559999995,2360716.535821,4939524.692354
"236","23010020",EDEN EL,"1670",5.158388890000000,-75.048916669999997,2128358.872154,4772967.045742
"237","28040360",CABANA LA HACIENDA,"100",9.861000000000001,-74.076722219999994,2647847.485126,4881986.932899
"238","29060560",DONA MARIA,"50",10.384444439999999,-74.177944440000005,2705747.562457,4871100.264307
"239","23060180",PENON EL,"1400",5.253444440000000,-74.294499999999999,2138645.278031,4856600.932893
"240","25020280",LOMA LA,"30",9.606527780000000,-73.611972219999998,2619593.744375,4932877.135810
"241","26100070",LUCERNA HACIENDA,"964",4.223805560000000,-76.147305560000007,2025435.769014,4650693.338947
"242","21120100",VOLCAN EL,"1105",2.865000000000000,-75.566388889999999,1874913.464702,4714798.320045
"243","24030190",MONGUI,"2970",5.724555560000000,-72.847861109999997,2190555.048164,5016838.661382
"244","24060080",PAYOA 5,"161",7.270277780000000,-73.490833330000001,2361384.620812,4945839.782673
"245","26250110",BARRO BLANCO,"190",7.474111110000000,-75.264388890000006,2384522.035915,4750193.578591
"246","21180210",VALLE DE SAN JUAN,"582",4.191972220000000,-75.112888889999994,2021527.394287,4765554.063006
"247","24025040",ESCUELA AGRICOLA MOGOTES,"1673",6.470000000000000,-72.968888890000002,2272923.303859,5003438.608652
"248","26060030",VILLA RICA,"988",3.178944440000000,-76.462999999999994,1909926.949746,4615163.265189
"249","23210160",GAMARRA,"150",8.326666670000000,-73.737777780000002,2478168.583157,4918793.862589
"250","25020240",CANAL EL,"70",9.410472220000001,-73.890416669999993,2597990.787550,4902278.943904
"251","25021650",YUCAL EL,"40",9.557388890000000,-73.876194440000006,2614225.294800,4903880.835987
"252","23120220",PRADERA LA,"2590",5.870833330000000,-73.913333330000000,2206798.492686,4898934.618476
"253","23190280",PALO GORDO,"950",6.967500000000000,-73.133055560000003,2327899.520982,4985308.730573
"254","27020170",CARMEN EL HACIENDA,"950",7.147194440000000,-75.079777780000001,2348272.784457,4770401.842596
"255","24030510",CEREZO EL,"2900",5.699305560000000,-73.071749999999994,2187763.267659,4992058.402889
"256","24030540",FIRAVITOBA,"2486",5.664527780000000,-72.978277779999999,2183919.989182,5002404.451966
"257","23020090",MARULANDA,"1700",5.278166670000000,-75.267138889999998,2141685.946827,4748822.428911
"258","26240090",PUERTO BELGICA,"80",7.668305560000000,-75.284444440000001,2406009.532038,4748092.804975
"259","21055030",SANTA LETICIA,"285",2.241472220000000,-76.163916670000006,1806081.919904,4648164.127999
"260","25021640",SANTA ISABEL,"40",8.712750000000000,-73.702555559999993,2520830.749702,4922748.430308
"261","24015250",LAJA LA,"1400",6.237166670000000,-73.415388890000003,2247213.343845,4954067.397472
"262","21110430",GIRONDA LA HACIENDA,"160",2.906138890000000,-75.120444440000000,1879360.542527,4764389.470922
"263","21160130",PENAS BLANCAS,"1335",3.651055560000000,-74.749722219999995,1961633.795748,4805739.855387
"264","21050060",ARGENTINA LA,"1500",2.199055560000000,-75.972277779999999,1801344.356285,4669485.261203
"265","21201610",SAN ISIDRO,"2698",4.850288890000000,-73.890722220000001,2094015.385529,4901273.057093
"266","28040300",VILLA CONCEPCION,"120",9.706305560000001,-73.859444440000004,2630680.239189,4905759.768428
"267","24015220",VILLA CARMEN,"2600",5.509388890000000,-73.495777779999997,2166800.467634,4945106.797359
"268","26100300",OBANDO,"986",4.588611110000000,-75.965833329999995,2065718.495824,4671013.342762
"269","24010760",SUAITA,"1660",6.099000000000000,-73.441388889999999,2231948.006540,4951179.694402
"270","23130010",CHUCURI,"100",6.877777780000000,-74.031388890000002,2318105.756332,4886092.235773
"271","25021190",MECHA LA,"100",9.622944439999999,-74.595638890000004,2621755.716822,4824975.858602
"272","26120170",PIJAO,"1685",4.332750000000000,-75.706277779999994,2037302.166015,4699722.949920
"273","21030080",ACEVEDO,"1350",1.813611110000000,-75.942222220000005,1758694.602938,4672753.647152
"274","24030400",SANTA ROSA D VITERBO,"2690",5.868722220000000,-72.985777780000006,2206482.841090,5001573.707499
"275","23080750",COCORNA,"1455",6.053333330000000,-75.182611109999996,2227367.158444,4758514.393423
"276","25010110",ACACIAS LAS HACIENDA,"80",8.006111110000003,-75.647222220000003,2443607.903677,4708298.897972
"277","26060200",CAJONES,"2472",3.226416670000000,-76.140805560000004,1915065.340529,4651022.000954
"278","26130220",MARACAY,"121",4.812166670000000,-75.843055559999996,2090394.788793,4684744.538702
"279","21190030",TIBACUY,"1635",4.348055560000000,-74.454472220000000,2038612.528184,4838663.697395
"280","24035320",SATIVANORTE,"2594",6.116861110000000,-72.704833330000000,2233910.610831,5032645.977973
"281","26110160",SAN FRANCISCO,"974",4.684861110000000,-76.035722219999997,2076400.844727,4663299.404230
"282","28040100",MONTERRUBIO,"100",10.233694440000001,-74.273250000000004,2689122.814507,4860603.355919
"283","24030300",CEPITA,"600",6.753055560000000,-72.974999999999994,2304201.058257,5002761.596386
"284","23180110",PATURIA,"105",7.586111110000000,-73.825277779999993,2396342.749375,4908999.065325
"285","25021630",NUEVA GRANADA,"110",9.801750000000000,-74.388555560000000,2641423.426914,4847776.010038
"286","24010240",OIBA,"1400",6.262500000000000,-73.303333330000001,2250004.245622,4966459.952523
"287","23060290",SILENCIO EL,"1425",4.973166670000000,-74.412055559999999,2107694.941603,4843508.080457
"288","25020780",CECILIA,"20",8.461388890000000,-75.034166670000005,2493565.852234,4776140.034772
"289","26255020",SANTA ISABEL,"1132",7.157277780000000,-75.442222220000005,2349584.677244,4730373.623067
"290","26130020",TERMALES,"21",4.844166670000000,-75.558055560000000,2093808.947829,4716382.416135
"291","21140110",TOMO EL,"444",3.345361110000000,-75.097444440000004,1927917.605093,4767043.215917
"292","26020020",SILVIA PTA ELECTRI,"2446",2.624666670000000,-76.349138890000006,1848538.787087,4627649.374219
"293","24030380",SOTAQUIRA,"2860",5.749661110000000,-73.234923060000000,2193332.243759,4973999.920594
"294","25020700",APARTADA LA,"50",8.053055560000002,-75.338611110000002,2448593.470688,4742354.294635
"295","26050060",SUAREZ,"195",2.954555560000000,-76.696111110000004,1885172.711611,4589137.330818
"296","21160070",VILLARRICA,"136",3.932916670000000,-74.609277779999999,1992759.959547,4821394.638987
"297","23195200",CACHIRI,"1850",7.473888890000000,-72.991111110000006,2383855.131957,5000980.370745
"298","25020350",GUARANDA,"30",8.492777780000003,-74.541666669999998,2496786.830443,4830368.022399
"299","21201190",LAGUNITAS,"3100",5.214527780000000,-73.907250000000005,2134269.160202,4899496.893912
"300","27010810",SANTA HELENA,"2550",6.196888890000000,-75.516750000000002,2243404.958567,4721597.636524
"301","26210080",HERRADURA LA,"620",6.099222220000000,-75.873972219999999,2232800.537534,4681993.106375
"302","23180050",ESTABLO EL,"98",7.541388890000000,-73.598055560000006,2391359.368491,4934048.447464
"303","21090110",SANTA BARBARA,"454",2.865527780000000,-75.339888889999997,1874917.895433,4739983.989963
"304","23180020",PUERTO WILCHES,"73",7.348611110000000,-73.893055559999993,2370109.612403,4901471.670426
"305","21085030",SAN RAFAEL,"130",2.760444440000000,-75.582722219999994,1863353.592319,4712956.378616
"306","24010180",RAQUIRA,"2290",5.538777780000000,-73.631361110000000,2170062.197774,4930097.732284
"307","23210130",TOTUMAL,"250",8.249444440000000,-73.579999999999998,2469605.495862,4936148.431907
"308","26200120",OTRAMINA,"515",6.072944440000000,-75.794583329999995,2229847.240006,4690769.450809
"309","21100070",SANTA BARBARA FINCA,"1750",2.561722220000000,-75.235138890000002,1841302.061819,4751568.130174
"310","21015020",SEVILLA,"1320",1.824833330000000,-76.130277780000000,1759971.520001,4651819.170648
"311","21050160",SAN VICENTE,"1745",2.317055560000000,-76.010138889999993,1814408.413829,4665298.321114
"312","25020330",CAIMITAL,"25",8.366388890000000,-74.569166670000001,2482826.725895,4827285.322711
"313","26180170",UNION LA,"2530",5.998333330000000,-75.381388889999997,2221377.066260,4736482.975140
"314","21010100",PALESTINA,"1530",1.724833330000000,-76.133333329999999,1748906.802893,4651460.200252
"315","21040050",TARQUI,"830",2.108833330000000,-75.822805560000006,1791331.472160,4686101.815396
"316","26110300",CEROS,"940",4.616388890000000,-76.034444440000001,2068823.968173,4663408.694218
"317","26020250",MONDOMO,"1397",2.903694440000000,-76.546972220000001,1879488.174090,4605719.576511
"318","26170190",DIQUE EL,"1140",5.803861110000000,-75.723611109999993,2200040.955212,4698482.176812
"319","21230070",SAN JUAN D RIOSECO,"1364",4.851277780000000,-74.622833330000006,2094275.253471,4820110.025528
"320","29035080",NORMAL MANATI,"10",10.453583330000001,-74.954638889999998,2713812.166750,4786130.697151
"321","21145070",LEGIOSA LA,"1476",3.311027780000000,-74.702888889999997,1924037.586637,4810873.153430
"322","21160040",ACO,"378",3.746250000000000,-74.810944440000000,1972170.576301,4798961.996006
"323","21201090",VIOTA,"567",4.442694440000001,-74.542249999999996,2049092.482540,4828946.319729
"324","24030850",ASERRIO EL,"2500",6.232583330000000,-72.781194439999993,2246693.815505,5024194.998429
"325","26090630",GUACARI,"990",3.770138890000000,-76.331944440000001,1975310.495997,4629974.864960
"326","21150030",TINAJAS,"290",3.566055560000000,-75.062500000000000,1952309.670626,4770979.047312
"327","26130180",SAN ISIDRO,"1196",4.800972220000000,-75.858333329999994,2089163.426918,4683043.872097
"328","26120150",ALCALA,"1261",4.676472220000000,-75.786305560000002,2075357.850358,4690981.879708
"329","23125080",OTANCHE,"1100",5.661722220000000,-74.184611110000006,2183743.694055,4868864.484056
"330","23060260",CHILAGUA FINCA,"1500",5.064638890000000,-74.382027780000001,2117797.979765,4846857.913127
"331","23180040",PORVENIR EL,"110",7.452777780000000,-73.482777780000006,2381551.348314,4946750.454228
"332","24050100",FUENTE LA,"815",6.707250000000000,-73.279888889999995,2299148.245582,4969079.376962
"333","25020090",TAMALAMEQUE,"20",8.860388889999999,-73.815444439999993,2537173.073828,4910370.127962
"334","26180160",ABEJORRAL,"2450",5.785972220000000,-75.430416670000000,2197914.706008,4730952.206459
"335","21201070",CORAZON EL,"2845",4.865361110000000,-74.289416669999994,2095752.297123,4857078.996817
"336","23190130",TONA,"1910",7.196111110000000,-72.970555559999994,2353159.697314,5003249.491262
"337","26215010",CONCORDIA,"26",6.039555560000000,-75.919527779999996,2226226.168992,4676912.493104
"338","26250030",CACERES,"95",7.579055560000000,-75.347833330000000,2396176.627608,4741045.430539
"339","24030370",SUSA,"380",6.188500000000000,-72.834833329999995,2241820.482775,5018265.237887
"340","26020030",PIENDAMO,"1872",2.642694440000000,-76.536111109999993,1850591.788259,4606842.048562
"341","24010830",SAN PEDRO IGUAQUE,"2985",5.640000000000000,-73.450444439999998,2181228.971497,4950137.297440
"342","21130060",CARMEN EL,"2250",3.007138890000000,-75.559194439999999,1890632.121994,4715634.360849
"343","21230120",BELLEZA LA,"1200",4.985388890000000,-74.581111109999995,2109088.379881,4824771.167740
"344","24030340",MOLAGAVITA,"2150",6.671666670000000,-72.811388890000003,2295211.420446,5020838.207077
"345","24010810",GACHANTIVA,"2375",5.750805560000000,-73.548916669999997,2193482.522878,4939248.090738
"346","23105030",VEGACHI,"990",6.774111110000000,-74.796527780000005,2306894.773695,4801525.380591
"347","25021620",IRAN,"80",9.683777780000000,-74.322166670000001,2628352.805315,4855004.383430
"348","21255090",ARMERO GRANJA,"3241",5.004750000000000,-74.910499999999999,2111325.575536,4788260.141256
"349","29030200",SAN CAYETANO,"70",10.099722220000000,-75.135277779999996,2674805.520663,4766097.304907
"350","26180190",AGUADAS,"2400",5.600027780000000,-75.451194439999995,2177359.772154,4728563.394566
"351","29030040",ARJONA,"60",10.250277779999999,-75.354444439999995,2691623.380115,4742198.117314
"352","29060090",SAN SEBASTIAN DE,"20",10.563305560000000,-73.603805559999998,2725340.661180,4933968.058631
"353","21230090",ARRANCAPLUMAS,"235",5.202750000000000,-74.729277780000004,2133157.691744,4808410.069341
"354","26140180",VIRGINIA LA-ALERTA,"922",4.892500000000000,-75.882777779999998,2099300.774913,4680374.085598
"355","29060140",CARMEN EL,"25",10.675500000000000,-74.206444439999999,2737934.263051,4868104.976245
"356","23020100",VICTORIA LA,"760",5.321083330000000,-74.914638890000006,2146299.439438,4787906.466712
"357","27020260",TESORO EL,"10",7.246777780000000,-75.302194439999994,2359402.671395,4745891.232938
"358","21010170",ESCUELA BELEN,"1700",1.901388890000000,-76.172499999999999,1768451.198737,4647133.263891
"359","21080070",SANTA ROSA HACIENDA,"650",2.636916670000000,-75.580916669999993,1849690.895624,4713128.187246
"360","21160200",CONC L BUSTAMANTE,"1613",3.893055560000000,-74.570805559999997,1988345.883468,4825657.305397
"361","21050170",YARUMAL,"1950",2.652388890000000,-75.758944439999993,1851444.867800,4693329.156094
"362","21055020",ESCUELA AGRICOLA LA PLATA,"170",2.378277780000000,-75.891249999999999,1821153.792520,4678543.261205
"363","21100140",ARCADIA LA,"1380",2.434805560000000,-75.400888890000004,1827300.297775,4733109.204993
"364","21145080",SANTA ANA,"1410",3.589777780000000,-74.702944439999996,1954850.240685,4810922.116355
"365","23140070",DOS BOCAS HACIENDA,"183",6.771944440000000,-73.616388889999996,2306331.419072,4931912.667546
"366","24010650",OLIVAL,"1502",6.151388890000000,-73.341666669999995,2237728.990607,4962213.411570
"367","25020710",CINTURA,"25",8.420000000000000,-75.273888889999995,2489134.582973,4749719.291249
"368","26030050",TAMBO,"1742",2.455972220000000,-76.811111109999999,1830006.016285,4576161.626877
"369","23180100",SITIO NUEVO,"98",7.783333330000000,-73.800833330000003,2418133.937327,4911735.396599
"370","21135030",ANCHIQUE,"415",3.573833330000000,-75.108999999999995,1953181.320925,4765815.332875
"371","24035310",CHISCAS,"2350",6.549527780000000,-72.504722220000005,2281738.008092,5054733.477386
"372","27011100",BRISAS LAS,"600",7.158805560000000,-74.821833330000004,2349435.760899,4798892.868235
"373","26110230",ISUGU,"933",4.418666670000001,-76.100527779999993,2046976.910390,4655978.109591
"374","24015260",CHIMA,"190",6.355000000000000,-73.368333329999999,2260230.225923,4959279.931356
"375","24030690",CURITAL,"352",5.988583330000000,-72.644055559999998,2219739.953843,5039377.474612
"376","23190480",ANGELES LOS,"228",8.098888890000000,-73.507499999999993,2452956.366227,4944109.139200
"377","24025020",CUCHARO EL,"975",6.532222220000000,-73.199166669999997,2279803.108538,4977989.426731
"378","21060110",RIOLORO,"721",2.321500000000000,-75.624666669999996,1814814.642714,4708192.762559
"379","26110040",BOLIVAR,"972",4.342944440000000,-76.190444439999993,2038639.549305,4645955.521335
"380","29040200",LENA,"45",10.521722219999999,-74.890777779999993,2721304.334167,4793165.845035
"381","29040300",PUERTO GIRALDO,"5",10.507888890000000,-74.822277779999993,2719730.341555,4800652.669821
"382","28040070",PALMARIGUANI,"80",9.930083330000000,-73.954888890000007,2655442.929191,4895363.472467
"383","24030530",SAN ANTONIO,"2580",5.698722220000000,-73.234222220000007,2187703.578435,4974075.191413
"384","24035250",CHITA,"2888",6.188333330000000,-72.466333329999998,2241828.856605,5059017.216097
"385","27030080",CRUZADA LA,"650",7.068055560000000,-74.715055559999996,2339357.877459,4810646.112700
"386","24011070",SANTUARIO EL,"1800",6.323611110000000,-73.467222219999996,2256770.484714,4948344.208730
"387","27010800",MESETA LA SN PEDRO,"2600",6.399722220000000,-75.607222219999997,2265889.063133,4711695.019335
"388","29060150",DESTINO EL,"20",10.573666670000000,-74.224111109999996,2726684.463303,4866128.936122
"389","29060280",SAN ISIDRO,"25",10.900833329999999,-74.220611109999993,2762850.531943,4866655.327781
"390","28010070",VILLA MARLENE,"120",10.185499999999999,-73.467111110000005,2683557.988884,4948855.961324
"391","25020900",SAN SEBASTIAN,"65",9.233888889999999,-74.355833329999996,2578634.236913,4851118.235188
"392","26030060",GAMBOA,"2171",2.625583330000000,-76.853611110000003,1848802.181741,4571484.117492
"393","29060210",PALMA LA,"23",10.966833330000000,-74.204694439999997,2770139.776218,4868423.474925
"394","21201580",PASQUILLA - AUT,"30",4.446500000000001,-74.154833330000002,2049434.685103,4871922.805611
"395","25020870",PLAYITAS,"40",8.822777779999999,-73.965833329999995,2533055.611483,4893827.921946
"396","29060240",UNION LA,"20",10.706555560000000,-74.223555559999994,2741374.732607,4866247.634240
"397","25020190",PUERTO ASIS,"200",9.431944440000001,-75.129166670000004,2600951.472650,4766301.306554
"398","27010830",SAN ISIDRO,"2320",6.563222220000000,-75.515749999999997,2283922.434288,4721906.151127
"399","24011080",CUCUNUBA 1,"2562",5.248000000000000,-73.752499999999998,2137945.420664,4916645.255253
"400","27015090",TULIO OSPINA,"1453",6.319694440000000,-75.553250000000006,2257007.410851,4717623.432050
"401","21060100",CRISTALINA  LA HACIENDA,"1460",2.317166670000000,-75.503583329999998,1814310.968304,4721662.623357
"402","24011060",SUSA,"2600",5.462444440000000,-73.801555559999997,2161649.597668,4911241.952897
"403","29060070",SAN PABLO,"800",10.808194439999999,-74.026805560000000,2752531.520290,4887795.213357
"404","23055040",SAMANA,"1532",5.419444440000000,-74.999222219999993,2157204.151629,4778568.619311
"405","25020390",CHARCON,"150",9.397222220000000,-75.155805560000005,2597129.473042,4763352.452909
"406","21135020",JABALCON,"332",3.855833330000000,-75.015722220000001,1984335.634478,4776248.420567
"407","26130170",POTREROS,"2134",4.885555560000000,-75.558055560000000,2098386.689740,4716399.760523
"408","29040240",USIACURI,"100",10.744722220000000,-74.980555559999999,2746025.551354,4783498.725177
"409","25021000",GALERAS,"70",9.164999999999999,-75.050833330000003,2571380.681904,4774731.991717
"410","22070030",SANTA HELENA,"2606",4.124555560000000,-75.499527779999994,2014197.721987,4722604.025283
"411","24010660",SIMACOTA,"150",6.443611110000000,-73.333888889999997,2270019.298404,4963094.245160
"412","23010080",IDEMA-HONDA,"2508",5.201416670000000,-74.749583329999993,2133016.494604,4806159.282569
"413","24015300",VILLA DE LEIVA,"2215",5.655833330000000,-73.543944440000004,2182987.405178,4939788.512282
"414","21190350",TULCAN EL,"2700",4.152472220000000,-74.359750000000005,2016976.519316,4849134.696907
"415","24030860",CAPILLA LA,"2800",6.100722220000000,-72.866666670000001,2232120.152825,5014747.302704
"416","23195180",ESCUELA AGRICOLA CACHIRA,"1882",7.735277780000000,-73.051666670000003,2412740.312471,4994305.041607
"417","26155110",AEROPUERTO LA NUBIA,"2104",5.029777780000000,-75.469916670000003,2114300.528077,4726236.902450
"418","24030630",BARAYA,"2927",6.960277780000000,-72.821666669999999,2327103.094494,5019690.908850
"419","29060120",TASAJERA,"2",10.976222220000000,-74.361750000000001,2771250.877789,4851271.746284
"420","26100770",CEILAN,"1382",4.114305560000000,-76.042527780000000,2013273.563353,4662286.463731
"421","25020260",RINCONHONDO,"100",9.397027780000000,-73.488027779999996,2596418.051739,4946439.511729
"422","26030080",ROMELIA LA,"2502",2.622805560000000,-76.895111110000002,1848508.897740,4566861.319538
"423","24050110",ALBANIA,"216",6.911944440000000,-73.632222220000003,2321804.806717,4930183.961374
"424","25010100",SAN FRANCISCO,"160",8.129166670000000,-75.760000000000005,2457303.553823,4695954.747568
"425","26100780",ZARZAL,"953",4.383055560000000,-76.073499999999996,2043024.043552,4658963.642986
"426","25020250",CURUMANI,"100",9.197194440000001,-73.541944439999995,2574341.255782,4940488.310708
"427","26240100",GUARUMO-LA LUCHA,"70",7.862916670000000,-75.214916669999994,2427490.627882,4755875.918484
"428","29060250",PROYECTOS LOS,"20",10.736722220000001,-74.237083330000004,2744715.508728,4864782.036143
"429","21045010",BETULIA LA,"780",2.281583330000000,-75.705083329999994,1810416.277254,4699237.187248
"430","28040140",SAN ANGEL,"140",10.033055559999999,-74.212611109999997,2666917.886186,4867160.519109
"431","26070170",ESPERANZA PRADERA,"155",3.459722220000000,-76.250277780000005,1940922.965990,4638931.094256
"432","28020150",ESPERANZA LA HACIENDA,"60",10.029972219999999,-73.668833329999998,2666406.672509,4926733.354419
"433","26100740",SAN PEDRO,"949",4.515638890000000,-76.040555560000001,2057679.112726,4662683.055022
"434","25020720",JOBO EL TABLON,"130",8.637222220000000,-75.383611110000004,2513231.820204,4737784.221150
"435","22060100",PIEDRAS DE COBRE,"3594",3.908277780000000,-75.103333329999998,1990157.694254,4766533.457379
"436","29040230",PUERTO COLOMBIA,"5",10.988333330000000,-74.969666669999995,2772957.962113,4784864.131793
"437","21130080",ORGANOS,"800",3.120833330000000,-75.492249999999999,1903188.786113,4723106.928401
"438","23060160",SAN PABLO,"1200",5.485083330000000,-74.462416669999996,2164289.581011,4838057.250678
"439","21190090",CABRERA,"1900",3.986972220000000,-74.483555559999999,1998708.771357,4835361.821779
"440","24010140",CUCUNUBA,"2620",5.251027780000000,-73.770750000000007,2138282.463717,4914623.987537
"441","26125130",CUMBARCO,"1749",4.185055560000001,-75.832361109999994,2021014.413991,4685662.150778
"442","24025050",CHARALA,"1350",6.274166670000000,-73.150555560000001,2251286.106849,4983353.260369
"443","23120250",BORBUR 2,"681",5.649638890000000,-74.068722219999998,2182383.404332,4881692.386266
"444","28040030",BOSCONIA,"130",9.975750000000000,-73.881749999999997,2660468.373003,4903392.068078
"445","24030230",IZA,"2470",5.615500000000000,-72.976277780000004,2178502.597677,5002626.054202
"446","21010160",VILLA FATIMA,"1724",1.899444440000000,-76.394166670000004,1768282.967087,4622449.528823
"447","24030330",TOPE EL,"250",6.939722220000000,-72.931666669999998,2324828.492878,5007545.432021
"448","24020040",ENCINO,"1814",6.138333330000000,-73.098055560000006,2236275.289911,4989155.349678
"449","26060020",CABUYAL,"13",3.320222220000000,-76.346611109999998,1925520.593266,4628164.167421
"450","26160120",CRISTALINA LA,"2411",5.192194440000000,-75.435777779999995,2132248.555017,4730091.168622
"451","28025090",CENTENARIO HACIENDA,"100",9.850250000000001,-73.265472220000007,2646481.024322,4970903.763742
"452","23090110",MURILLO,"130",6.603055560000000,-74.395277780000001,2287841.781941,4845810.364796
"453","23190810",PLANES LOS,"650",7.812611110000000,-73.321444439999993,2421299.281062,4964575.098176
"454","22060070",ORTEGA,"388",3.939166670000000,-75.219944440000006,1993606.512322,4753592.582454
"455","23120200",PUERTO ARAUJO ALERTAS,"118",6.533888890000000,-74.082499999999996,2280111.537554,4880362.965069
"456","23190360",PORTACHUELO,"800",7.328055560000000,-73.165000000000006,2367743.265843,4981795.867896
"457","25020140",SAHAGUN,"60",8.950833330000000,-75.451944440000005,2547967.706518,4730489.760571
"458","24010630",ARCABUCO,"2600",5.760583330000000,-73.444138890000005,2194552.898643,4950845.573947
"459","24035260",CAPITANEJO,"1160",6.520722220000000,-72.696611110000006,2278538.085915,5033529.370829
"460","26200140",ARMENIA,"1800",6.157972220000000,-75.771527780000000,2239240.368989,4693371.108185
"461","28020460",CODAZZI DC,"90",10.044638890000000,-73.243388890000006,2667963.021710,4973339.916264
"462","24010070",LETICIA,"2650",5.303194440000000,-73.709750000000000,2144039.076669,4921387.885161
"463","23120010",VERDE LA,"140",6.412500000000000,-73.899722220000001,2266656.682570,4900541.461803
"464","25020890",CHILLOA,"20",9.119388890000000,-74.221944440000001,2565924.541337,4865779.538946
"465","25021540",AGUADAS LAS ALERTA,"30",8.954166669999999,-74.055000000000007,2547604.579415,4884066.316690
"466","26100830",PALMASOLA,"940",4.688416670000000,-75.961666670000000,2076759.057002,4671522.143078
"467","22050070",SAN PEDRO,"1679",3.426388890000000,-75.487444440000004,1936980.029309,4723724.999826
"468","23120240",PAIME,"138",5.371388890000000,-74.154638890000001,2151649.879555,4872120.663332
"469","21050220",SAN LUIS,"1462",2.565888890000000,-75.927888890000006,1841918.321458,4674511.904743
"470","24010850",PALMA LA,"2100",5.868000000000000,-73.383833330000002,2206417.562418,4957527.965781
"471","21190310",PINAR EL,"1900",4.387972220000000,-74.329916670000003,2042998.730434,4852490.319625
"472","24030660",MORTINO EL,"3409",6.375111110000000,-72.418999999999997,2262474.165259,5064228.990007
"473","24020220",PAVAS LAS,"2625",6.152722220000000,-72.964583329999996,2237864.378615,5003916.870441
"474","25020500",VILLA CECILIA HACIENDA,"50",8.816111110000000,-74.729444439999995,2532621.505774,4809863.243193
"475","26110290",ARBOLEDA LA,"959",4.531611110000000,-76.093611109999998,2059471.341953,4656799.002498
"476","21205670",FLORIDA LA,"1915",4.770888890000000,-74.437638890000002,2085343.628962,4840624.552732
"477","26100350",PUERTO FRAZADAS,"1657",4.054361110000001,-75.994749999999996,2006621.104921,4667569.827452
"478","26170260",GUERRERITO,"797",5.281055560000000,-75.664972219999996,2142180.238136,4704718.494212
"479","28030220",SAN ANGEL,"244",10.347055559999999,-73.444138890000005,2701410.250317,4951395.909405
"480","26240160",COQUERA LA,"49",7.962138890000000,-75.195999999999998,2438452.177410,4758019.795649
"481","24015090",INSTITUCION AGRICOLA SANTA SOFIA,"2300",5.710666670000000,-73.602277779999994,2189053.004409,4933337.434882
"482","24035010",CUSAGUI,"2950",6.248111110000000,-72.548888890000001,2248425.974885,5049881.712566
"483","26090460",PARAISO EL,"1305",3.649722220000000,-76.199722219999998,1961929.710191,4644626.009421
"484","29060190",FLORIDA LA,"26",10.610638890000001,-74.255388890000006,2730785.262191,4862724.296524
"485","21040060",TRES ESQUINAS,"805",2.199361110000000,-75.779361109999996,1801336.770516,4690954.982900
"486","24010820",GUAVATA,"218",5.961388890000000,-73.702500000000001,2216771.752925,4922278.464160
"487","26120130",COROZAL,"1178",4.402777780000000,-75.915416669999999,2045135.818563,4676528.606547
"488","21130040",SAN LUIS,"1140",3.080638890000000,-75.484666669999996,1898741.562746,4723939.544595
"489","26065020",MIRANDA,"1133",3.245666670000000,-76.223055560000006,1917224.255788,4641880.364336
"490","23100040",YOLOMBO,"965",6.594277780000000,-75.010916670000000,2287103.941097,4777750.107535
"491","23190260",LAGUNA LA,"150",7.079722220000000,-73.213611110000002,2340303.694750,4976419.846666
"492","26100690",PLACER EL,"2132",3.878944440000000,-76.100555560000004,1987255.042957,4655740.977595
"493","25020980",CAIMITO,"20",8.790833330000000,-75.124444440000005,2530050.188586,4766403.373855
"494","26195020",ITA ANDES,"1180",5.691000000000000,-75.880222219999993,2187640.464036,4681067.583969
"495","25020860",FRONTERA LA HACIENDA,"100",9.359444440000001,-74.940833330000004,2592814.307773,4786936.445036
"496","25021180",SANTA CRUZ,"20",9.078333330000000,-74.688888890000001,2561592.048882,4814456.156577
"497","29040250",CAMPO DE LA CRUZ,"4",10.376638890000001,-74.888416669999998,2705259.636755,4793328.282903
"498","26020100",BUENOS AIRES,"1228",3.020194440000000,-76.639083330000005,1892418.772626,4595509.286754
"499","21230060",NARINO,"289",4.398611110000000,-74.825555559999998,2044290.726767,4797502.667078
"500","21250450",POTOSI HACIENDA,"389",5.053027780000000,-74.882472219999997,2116653.876090,4791382.941510
"501","28040270",MANATURE HACIENDA,"150",10.035111110000001,-73.788527779999995,2667003.716598,4913622.189858
"502","21195060",PANDI,"950",4.192722220000001,-74.487416670000002,2021450.798082,4834975.352912
"503","28040350",PASO EL,"30",9.656972220000000,-73.743694439999999,2625197.679384,4918440.871748
"504","21160180",PUERTO LLERAS,"1209",3.839777780000000,-74.688305560000003,1982481.821794,4812600.716360
"505","21210220",PALMAR EL,"2200",4.580111110000000,-75.325666670000004,2064515.849427,4742065.243937
"506","21180040",ROVIRA 2,"848",4.242500000000000,-75.242500000000007,2027154.557798,4751181.410646
"507","24030160",TASCO,"2486",5.860357220000000,-72.784791389999995,2205563.076790,5023813.527713
"508","23190540",VEGA LA,"710",7.650833330000000,-73.180555560000002,2403412.549437,4980094.298560
"509","23085160",CORRIENTES,"1965",6.311944440000000,-75.253555559999995,2255997.173569,4750782.330670
"510","25020990",HATO NUEVO,"80",9.178333329999999,-75.190277780000002,2572945.606847,4759417.191985
"511","26150150",PAPAYAL,"2304",4.951666670000000,-75.489722220000004,2105669.957377,4724007.631878
"512","24030260",COCUY EL,"2749",6.408222220000000,-72.445444440000003,2266129.879919,5061301.548293
"513","26140090",TAPARCAL,"1609",5.167055560000000,-75.862777780000002,2129665.689072,4682726.580817
"514","29040020",MONTEBELLO,"100",10.708500000000001,-74.907833330000003,2741969.709373,4791426.211848
"515","29020020",GARRAPATA,"60",10.321555560000000,-74.423972219999996,2698905.183934,4844142.185959
"516","21205420",TIBAITATA,"2543",4.691416670000000,-74.209000000000003,2076511.827637,4865960.069300
"517","26020200",AMPARO EL,"1197",2.961166670000000,-76.489194440000006,1885829.989726,4612170.010867
"518","29060040",FUNDACION,"40",10.524361109999999,-74.182222220000000,2721216.317128,4870690.011808
"519","21185030",GUAMO,"332",4.008833330000000,-74.981388890000005,2001241.901851,4780101.190534
"520","21210110",PLACER EL,"2170",4.520944440000000,-75.277888890000000,2057956.201926,4747346.333499
"521","21030110",SAN ANTONIO DEL PE,"1190",2.077750000000000,-75.681944439999995,1787865.646402,4701771.595936
"522","29030430",VISO EL,"8",10.150833329999999,-75.235277780000004,2680531.725191,4755176.755118
"523","29040290",CAMPANOS LOS,"100",10.557777780000000,-74.971777779999996,2725346.098789,4784327.059355
"524","25020370",MONEDA LA HACIENDA,"40",8.036666670000002,-74.942222220000005,2446552.620264,4786033.851272
"525","26120180",ALAMBRADO EL-ALERT,"171",4.409305560000000,-75.875333330000004,2045840.710648,4680982.464366
"526","29060030",BONGO EL,"20",10.648777780000000,-74.375500000000002,2735057.192398,4849606.659539
"527","23185010",VILLA LEIVA,"328",7.456111110000000,-73.537222220000004,2381926.645682,4940745.613184
"528","29030370",SANTA ANA,"1",10.234166670000000,-75.551111109999994,2690005.343855,4720636.905152
"529","26020390",OVEJAS ABAJO ALERT,"1546",2.853833330000000,-76.588611110000002,1873982.886368,4601067.587924
"530","29030410",CASA DE BOMBAS,"10",10.408333330000000,-75.127222219999993,2708929.940801,4767205.786028
"531","24030290",MACARAVITA,"1856",6.493944440000000,-72.581361110000003,2275588.176084,5046268.998652
"532","26025070",GABRIEL LOPEZ,"371",2.509750000000000,-76.289055559999994,1835803.103277,4634304.013795
"533","21200160",PANONIA,"2800",5.057972220000000,-73.734333329999998,2116944.248522,4918633.521935
"534","26230130",CRUCES ARRIBA,"2830",6.887194440000000,-75.609611110000003,2319811.201695,4711715.001422
"535","28015070",URUMITA,"255",10.566388890000001,-73.016388890000002,2725617.701552,4998207.766362
"536","26190100",SANTA BARBARA,"1250",5.563972220000000,-75.900083330000001,2173597.588633,4678796.660939
"537","27011110",ASTILLEROS,"2450",6.257305560000000,-75.675861110000000,2250174.309489,4704018.462293
"538","29060170",GAVILAN,"20",10.680444440000000,-74.330694440000002,2738536.611731,4854521.464234
"539","26115080",CANDELARIA,"945",4.480916670000000,-76.079888890000007,2053855.429536,4658299.075294
"540","21220050",ACEITUNO EL,"680",4.353444440000000,-75.053055560000004,2039362.529247,4772243.717475
"541","21201640",VILLAPINZON GRANJA,"2745",5.263750000000000,-73.590861110000006,2139666.610046,4934552.422181
"542","26205080",ALDEA LA,"1737",6.341055560000000,-75.700944440000001,2259452.937132,4701289.894751
"543","29030500",CASA DE PIEDRA,"60",9.873888890000000,-75.215833329999995,2649887.745906,4757101.403719
"544","23145020",CARMEN EL,"805",6.696388890000000,-73.510000000000005,2297968.503552,4943656.180059
"545","21250070",SIERRA LA,"472",4.800111110000000,-74.935694440000006,2088709.597350,4785401.460786
"546","21010210",MONTECRISTO,"1674",1.713805560000000,-76.188916669999998,1747696.769588,4645268.919658
"547","24030750",GUACA,"2400",6.881111110000000,-72.858333329999994,2318353.628722,5015644.908657
"548","26100410",GALICIA,"1191",4.171888890000000,-76.056388889999994,2019650.953335,4660771.039952
"549","29040260",CANDELARIA,"4",10.455111110000001,-74.886888889999994,2713935.984646,4793547.225962
"550","23190580",SAN DANIEL HACIENDA,"75",8.088749999999999,-73.618777780000002,2451852.846855,4931852.019297
"551","23110030",PUERTO NINO,"1747",5.937527780000000,-74.588444440000004,2214337.747398,4824236.013108
"552","29030050",SAN ESTANISLAO,"20",10.404111110000001,-75.161833329999993,2708488.615757,4763413.229793
"553","21250100",ESTRELLA LA,"331",4.761833330000000,-74.898694440000000,2084466.349792,4789493.236391
"554","23190520",DORADA LA,"271",7.995555560000000,-73.439722219999993,2441528.233619,4951561.374614
"555","25021350",MOMPOS,"20",9.262777780000000,-74.435555559999997,2581862.066709,4842375.233428
"556","22050040",ATACO,"468",3.928055560000000,-75.379166670000004,1992426.559493,4735906.076669
"557","25021380",SAN ROQUE ALERTAS,"24",9.071666670000001,-74.153333329999995,2560624.801626,4873300.114896
"558","27020220",LLANOS D CUIBA LOS,"2750",6.813611110000000,-75.483861110000007,2311598.506728,4725573.284242
"559","29030140",SAN JOSE,"20",10.439444440000001,-75.108333329999994,2712356.782835,4769296.706079
"560","21190330",NUNEZ,"1950",3.905861110000000,-74.509694440000004,1989748.885380,4832444.123725
"561","24030200",SAN JOAQUIN,"20",6.426416670000000,-72.873833329999997,2268108.967553,5013945.988392
"562","21201200",ESCUELA LA UNION - AUT,"3320",4.342944440000000,-74.183888890000006,2037995.259467,4868681.814879
"563","23190300",PICACHO EL,"3310",7.110000000000000,-72.966388890000005,2343644.189598,5003710.020495
"564","23085110",PENOL EL,"247",6.214222220000000,-75.241305560000001,2245184.991094,4752091.582096
"565","21245010",PERALES HATO OPIA,"826",4.429666670000000,-75.200522219999996,2047836.823011,4755901.521565
"566","24010840",PANELAS,"3195",5.634381110000000,-73.386470560000006,2180603.006564,4957218.696782
"567","26120120",CAMELIA LA,"124",4.331555560000000,-75.834833329999995,2037222.220671,4685447.149318
"568","21250480",SANTA BARBARA,"3371",4.906611110000000,-75.220194440000000,2100581.763101,4753884.650065
"569","25025300",SEIS EL,"50",9.683666669999999,-74.322277779999993,2628340.569957,4854992.148790
"570","24030800",CASA AMARILLA,"3200",5.533805560000000,-73.163499999999999,2169478.102881,4981897.993249
"571","24035150",BELENCITO,"2530",5.781583330000000,-72.894305560000006,2196855.300599,5011697.039064
"572","25015010",CENTRO ALEGRE,"170",8.180777780000000,-75.632277779999995,2462919.063887,4710071.835692
"573","29060160",ENANO EL,"25",10.902194440000001,-74.189472219999999,2762987.465847,4870058.124300
"574","28020440",SANTA TERESA HACIENDA,"80",9.917027780000000,-73.286138890000004,2653863.157760,4968644.968635
"575","25020400",LIBRA ARRIBA,"180",9.320555560000001,-75.303611110000006,2588753.310246,4747063.972122
"576","29030320",ROCHA,"5",10.100833330000000,-75.402500000000003,2675131.910886,4736810.825340
"577","21110400",SANTA HELENA,"1160",2.851138890000000,-75.108194440000005,1873276.996985,4765739.989605
"578","21250500",LIBANO,"1649",4.921888890000000,-75.075861110000005,2102219.612485,4769896.876051
"579","28010090",PATILLAL,"450",10.703861110000000,-73.211611110000007,2740819.514888,4976869.231386
"580","25021370",SAN LUIS,"20",8.881666670000000,-74.708055560000005,2539858.457647,4812248.676652
"581","26025100",TUNIA,"1822",2.674472220000000,-76.526333330000000,1854106.437328,4607940.613453
"582","28010020",DESCANSO EL,"160",10.480111109999999,-73.237194439999996,2716091.758735,4974053.938426
"583","26150160",ESPERANZA LA,"3341",5.017833330000000,-75.356555560000004,2112933.173843,4738804.170642
"584","21215130",CUCUANA HACIENDA,"2229",4.341388890000000,-75.518583329999998,2038185.777353,4720565.761013
"585","28010040",MANAURE,"740",10.391388890000000,-73.025277779999996,2706276.322609,4997234.155400
"586","21050230",SAN ANDRES,"1595",2.581805560000000,-76.046805559999996,1843710.333847,4661284.101804
"587","27011120",IGUANA LA,"2300",6.316277780000000,-75.657527779999995,2256687.279487,4706080.935031
"588","21135050",JULIA LA,"1691",3.098777780000000,-75.530027779999998,1900759.536691,4718901.196275
"589","28025020",RINCON EL,"350",10.271388890000001,-73.131388889999997,2693016.571703,4985618.222192
"590","22050090",MOLINO MURRA,"324",3.923138890000000,-75.021194440000002,1991778.345941,4775658.549228
"591","21210130",DELICIAS LAS,"295",4.380333330000000,-75.511750000000006,2042490.430606,4721338.763094
"592","25025270",UNISUCRE,"160",9.316388890000001,-75.387500000000003,2588353.587883,4737844.879007
"593","22020050",SANTIAGO PEREZ,"732",3.395222220000000,-75.604500000000002,1933567.446510,4710705.810561
"594","21190240",OSPINA PEREZ,"1450",4.081611110000000,-74.488722220000000,2009170.100038,4834807.446977
"595","26110120",VILLA NUEVA,"1341",4.971083330000000,-76.038527779999995,2108072.129158,4663129.433377
"596","25021300",LIMON EL,"20",9.273888890000000,-74.646388889999997,2583190.757093,4819225.614035
"597","28035020",CALLAO EL,"110",10.363055559999999,-73.319444439999998,2703162.290624,4965043.708038
"598","25020880",BARRANCO DE LOBA,"25",8.946666670000003,-74.110555559999995,2546793.546484,4877958.115869
"599","23110040",TRIQUE EL,"179",5.880888890000000,-74.568341669999995,2208070.634130,4826443.320710
"600","21201050",LOURDES,"2750",4.982888890000000,-73.864666670000005,2108664.799482,4904180.208319
"601","25020760",SANTIAGO APOSTOL,"25",9.004722220000000,-74.940555560000007,2553590.848619,4786754.882065
"602","21010050",SAN JOSE DE ISNOS,"1720",1.931583330000000,-76.214916669999994,1771801.319664,4642416.727997
"603","25025090",AEROPUERTO LAS FLORES,"34",9.046333330000000,-73.970833330000005,2557766.136460,4893343.261276
"604","25021200",NEGRITOS LOS,"26",9.026666669999999,-74.079444440000003,2555625.916908,4881403.417778
"605","26035030",AEROPUERTO G L VALENCIA,"1752",2.452888890000000,-76.608750000000001,1829602.048739,4598696.262710
"606","23205030",SANTA ROSA D SIMITI,"650",7.965277780000000,-74.059166669999996,2438305.937054,4883311.115537
"607","21201060",PANTANO REDONDO 1,"3160",5.043250000000000,-74.033388889999998,2115362.337784,4885491.581150
"608","21105040",POTOSI HACIENDA,"680",2.696805560000000,-75.298888890000001,1856251.766430,4744506.172820
"609","29060340",PALMOR EL,"1200",10.773444440000000,-74.025638889999996,2748689.781936,4887909.839294
"610","24010670",SUCRE,"2270",5.919722220000000,-73.796388890000003,2212181.356442,4911883.762463
"611","22020040",CASA DE ZINC,"1737",3.285805560000000,-75.587500000000006,1921460.634225,4712563.501949
"612","26105140",BARRAGAN,"332",4.033055560000000,-75.888027780000002,2004220.967429,4679418.262148
"613","23205050",CANELOS,"750",7.885416670000000,-74.240972220000003,2429534.455252,4863252.337352
"614","21010190",ALTO DEL OBISPO,"1700",1.848944440000000,-76.249722219999995,1762663.398792,4638524.155253
"615","21050240",SANTA TERESA,"1600",2.460611110000000,-76.054194440000003,1830302.678235,4660430.419659
"616","22010010",HERRERA,"1620",3.287833330000000,-75.815416670000005,1921753.478913,4687226.082963
"617","25020420",VARAS LAS,"60",8.387694440000002,-74.563000000000002,2485179.332764,4827973.599982
"618","27025030",ANORI,"1601",7.071916670000000,-75.150527780000004,2339984.564750,4762549.150653
"619","29030270",LOMA GRANDE,"15",10.433833330000001,-75.131583329999998,2711753.298375,4766747.304188
"620","26070110",ZAPATA LA,"119",3.527194440000000,-76.210833330000000,1948374.738503,4643343.065643
"621","24055030",ZAPATOCA,"1810",6.792777780000000,-73.282749999999993,2308599.457168,4968768.776386
"622","27010890",CUEVA SANTA,"1550",6.959000000000000,-75.038361109999997,2327443.502305,4774885.019807
"623","28010340",VILLANUEVA,"340",10.615833329999999,-72.981944440000007,2731082.474853,5001974.178522
"624","23025040",ALBANIA,"788",5.285697220000000,-74.902638890000006,2142383.196938,4789224.236011
"625","25020920",PRIMAVERA LA,"500",9.216666670000000,-73.416666669999998,2576474.873678,4954248.011246
"626","26170290",RIOSUCIO,"1946",5.424777780000000,-75.730249999999998,2158110.135525,4697551.026306
"627","23195090",VIVERO SURATA,"1725",7.365833330000000,-72.987499999999997,2371914.534999,5001378.982606
"628","25021210",TREMENTINO,"136",8.817944440000000,-75.474194440000005,2533285.092392,4727944.565174
"629","24035240",SIERRA NEVAD COCUY,"3716",6.410083330000000,-72.375194440000001,2266344.464792,5069067.141851
"630","21205980",PROVIDENCIA GRANJA,"2560",4.792388890000000,-74.200916669999998,2087669.483397,4866875.724683
"631","23080390",SANTO DOMINGO,"2100",6.468305560000000,-75.163805560000000,2273245.006590,4760785.104591
"632","29030450",CALMA LA,"60",9.932972220000000,-75.262388889999997,2656456.614237,4752039.918074
"633","23050100",SAN MIGUEL,"1751",5.730750000000000,-74.726083329999994,2191524.734071,4808931.663727
"634","24030950",MALAGA 2,"2237",6.706388890000000,-72.729722219999999,2299052.495665,5029858.883739
"635","28020080",PLAYAS LAS HACIENDA,"60",9.848083330000000,-73.462194440000005,2646264.983575,4949341.972650
"636","21085040",TERPEYA COLOMBIA,"1650",2.662805560000000,-75.665555560000001,1852574.262419,4703719.941445
"637","28025070",MOTILONIA CODAZZI,"180",10.001805559999999,-73.249388890000006,2663229.556902,4972679.104194
"638","22020030",GAITANIA,"1476",3.092000000000000,-75.674027780000003,1900049.181902,4702888.860681
"639","26195030",JARDIN EL,"25",5.587722220000000,-75.800555560000006,2176171.717854,4689841.338411
"640","29065020",PADELMA,"20",10.721111110000001,-74.199722219999998,2742973.564767,4868859.588877
"641","26100700",PARDO,"1314",4.087250000000000,-76.100805559999998,2010304.716093,4655799.927964
"642","23125120",CIMITARRA,"198",6.308611110000000,-73.952222219999996,2255185.939045,4894716.271473
"643","29030080",PUERTO SANTANDER,"5",10.004472220000000,-75.319166670000001,2664407.820673,4745869.280738
"644","21245140",SANTA ISABEL,"2288",4.711861110000000,-75.094455560000000,2079003.921715,4767763.514055
"645","22050100",GUAYABOS LOS,"330",4.656555560000000,-75.096944440000001,2072889.796068,4767469.136235
"646","25020960",CORDOBA,"20",9.588055560000001,-74.825277779999993,2618023.829391,4799758.877484
"647","25021360",CAMPO ALEGRE,"20",8.924722220000000,-74.711944439999996,2544620.637069,4811843.103944
"648","25020820",ZAPATA,"50",8.602777780000000,-74.699722219999998,2509020.806169,4813025.879204
"649","26150060",ARAUCA,"917",5.108527780000000,-75.701666669999994,2123113.342760,4700568.210124
"650","28020410",SAN BENITO,"150",10.184166670000000,-73.317027780000004,2683390.741233,4965288.650578
"651","25021270",CANDELARIA,"20",9.073055560000000,-74.525555560000001,2560929.124768,4832402.022417
"652","25021030",SAN ZENON,"25",9.247500000000000,-74.501944440000003,2580203.187469,4835077.017649
"653","29040310",SAN PEDRITO ALERTA,"8",10.277888890000000,-74.920222219999999,2694360.717332,4789780.577020
"654","21190210",NILO,"322",4.305888890000001,-74.648666669999997,2033995.770069,4817107.124063
"655","28020600",RETORNO EL,"150",9.854722219999999,-73.357166669999998,2646984.637546,4960854.305586
"656","22050030",COLACHE HACIENDA,"384",3.795472220000000,-75.195638889999998,1977710.803153,4756250.666835
"657","23060190",UTICA,"497",5.196083330000000,-74.485500000000002,2132352.069180,4835423.420934
"658","21210080",SECRETO EL,"1482",4.494277780000000,-75.289944439999999,2055011.595933,4745999.209757
"659","21210180",TOCHE,"1991",4.519500000000000,-75.409833329999998,2057843.705151,4732702.742594
"660","24015280",GAMBITA,"1900",5.944722220000000,-73.343611109999998,2214892.442549,4961983.933820
"661","26110150",INMACULADA LA,"960",4.793833330000000,-75.986500000000007,2088434.338500,4668815.710185
"662","21160030",CUNDAY,"448",4.066388890000000,-74.687611110000006,2007531.012719,4812728.700960
"663","23080810",JORDAN EL,"1950",6.249500000000000,-74.828111109999995,2248909.270036,4797825.069388
"664","24035340",AEROPUERTO A LLERAS C,"2500",5.676944440000000,-72.967916669999994,2185292.041877,5003551.256688
"665","21165010",PST DE MONTA,"321",3.787611110000000,-74.917027779999998,1976768.195205,4787191.176421
"666","29030280",SAN BASILIO,"50",10.085833330000000,-75.200277779999993,2673316.737811,4758963.469989
"667","24065010",BRISAS LAS HACIENDA,"138",7.246111110000000,-73.790000000000006,2358760.569718,4912822.410420
"668","25020800",BUENAVISTA,"10",8.573055560000000,-74.529722219999996,2505656.186770,4831717.755663
"669","21235010",JERUSALEN,"297",4.561805560000000,-74.702388889999995,2062298.142548,4811210.794763
"670","21201310",PREVENTORIO INFANT,"2650",4.465444440000000,-74.267499999999998,2051548.897787,4859429.130713
"671","25021090",SANTA ROSA,"40",9.093333330000000,-74.313888890000001,2563079.756388,4855668.114882
"672","25021320",SUDAN EL,"23",8.643333330000003,-74.212222220000001,2513299.672126,4866675.686768
"673","23200060",SANTO DOMINGO,"80",7.670555560000000,-73.941944440000000,2405701.735122,4896153.891410
"674","23060150",PUERTO LIBRE,"1836",5.758277780000000,-74.627333329999999,2194535.719955,4819874.410788
"675","22060090",OLAYA HERRERA,"450",3.815416670000000,-75.330055560000005,1979955.352276,4741326.350180
"676","23180120",COQUERA LA,"170",7.222777780000000,-73.919166669999996,2356208.653177,4898562.371957
"677","26180220",LA  PINTADA ALERTAS,"608",5.733555560000000,-75.598555559999994,2192199.398900,4712300.590432
"678","25021290",JOLON EL,"25",9.101388890000001,-74.408888890000000,2564009.466153,4845233.797473
"679","23040070",CANAVERAL,"189",5.328416670000000,-74.941972219999997,2147119.657644,4784880.037101
"680","25020790",PALMARITO,"50",8.718888890000002,-74.717777780000006,2521866.768614,4811097.121472
"681","25021560",ISLA DEL COCO,"20",8.902777779999999,-74.798611109999996,2542239.656813,4802302.985425
"682","27020190",YARUMAL,"2400",6.955972220000000,-75.415555560000001,2327305.013128,4733204.007381
"683","22075030",RIOMANSO,"253",4.206777780000001,-75.415583330000004,2023261.865216,4731953.588320
"684","24015270",VELEZ GRANJA,"2170",5.997222220000000,-73.672777780000004,2220727.428762,4925571.796825
"685","28040400",PALMASOLA,"50",9.977416670000000,-73.889305559999997,2660654.809616,4902564.684537
"686","22020070",CONDOR EL,"755",3.328166670000000,-75.613055560000006,1926153.359257,4709734.997335
"687","29030380",SABANAS DE MUCACAL,"10",9.879805559999999,-75.388694439999995,2650672.893442,4738147.102808
"688","23110060",PADILLA,"171",6.193611110000000,-74.333055560000005,2242567.476898,4852570.315783
"689","21040040",PUENTE BALSEADERO,"688",2.232361110000000,-75.648555560000005,1804960.291824,4705516.813719
"690","26250060",PUERTO RAUDAL,"125",7.369916670000000,-75.327611110000007,2373035.242096,4743154.742363
"691","24030580",JERICO,"2962",6.141472220000000,-72.593333329999993,2236638.216536,5044976.198420
"692","21210190",RESACA LA,"1250",4.274500000000000,-75.148416670000003,2030663.155467,4761635.347627
"693","25025160",CUBA HACIENDA,"50",8.003888890000002,-75.402777779999994,2443196.584690,4735249.201278
"694","26120160",SALENTO,"26",4.636277780000000,-75.569166670000001,2070820.309769,4715064.422755
"695","21201550",ROBLE EL,"2560",4.796666670000000,-74.226388889999996,2088147.256548,4864052.494886
"696","26185040",SAN FELIX,"2690",5.372944440000000,-75.375333330000004,2152212.085773,4736869.216144
"697","26115040",CENT ADMO LA UNION,"934",4.531222220000000,-76.062166669999996,2059413.476812,4660290.546021
"698","21201630",TABIO GRANJA,"2600",4.933055560000000,-74.065611110000006,2103190.153102,4881900.983210
"699","24050070",PUTANA LA,"150",7.127166670000000,-73.520555560000005,2345573.406236,4942542.039618
"700","29060550",RUBY EL,"20",10.845138889999999,-74.188222220000000,2756679.579218,4870170.017676
"701","21140100",SAN JUANITO,"368",3.423000000000000,-75.104638890000004,1936503.401871,4766262.413319
"702","29060060",CENIZO EL,"450",10.651611109999999,-74.073222220000005,2735239.849543,4882662.091518
"703","26140080",TAIJARA ALEJANDRIA,"1478",5.280805560000000,-75.825833329999995,2142231.310920,4686880.895323
"704","24030310",COMBITA,"2820",5.628916670000000,-73.323999999999998,2179994.985932,4964133.772827
"705","23060170",PALMA LA,"1462",5.349361110000000,-74.389111110000002,2149269.182875,4846142.115467
"706","25021020",TIERRA GRATA,"25",9.436666669999999,-74.739166670000003,2601236.602575,4809124.487574
"707","23190600",PANTANO EL,"1280",6.997500000000000,-73.230277779999994,2331218.742441,4974575.558327
"708","25020750",TABLITAS LAS,"60",9.011388889999999,-75.168888890000005,2554469.066303,4761657.127327
"709","21255110",SANTA ISABEL,"2817",4.701750000000000,-75.131833330000006,2077898.511194,4763613.710262
"710","29030570",HAYA LA,"100",9.958333330000000,-75.186111109999999,2659205.391786,4760422.441352
"711","25025080",AEROPUERTO RAFAEL BARVO,"166",9.333888890000001,-75.283055559999994,2590213.312754,4749331.641019
"712","25020950",SAN ANTONIO ALERTA,"10",9.041944440000000,-74.771111110000007,2557611.813605,4805400.821545
"713","25021310",POZON EL,"20",9.004166670000000,-74.405833329999993,2553260.718614,4845528.013969
"714","25010080",PICA PICA,"100",8.031111109999999,-75.683055560000000,2446399.140057,4704365.675471
"715","28035040",GUAYMARAL,"50",9.904916670000000,-73.647527780000004,2652580.145008,4929040.305139
"716","26030030",CABANA INDERENA,"2658",2.640666670000000,-76.909027780000002,1850491.790192,4565317.577285
"717","22050080",PAN DE AZUCAR,"1800",3.379527780000000,-75.508138889999998,1931803.391366,4721411.574861
"718","29015020",CARMEN DE BOLIVAR,"152",9.715750000000000,-75.106416670000002,2632321.704270,4768991.433634
"719","26230180",LLANOS DE SAN JUAN,"1600",6.427000000000000,-75.717749999999995,2268969.978486,4699480.105553
"720","21201140",ESPERANZA LA,"2555",4.802166670000000,-74.179972219999996,2088746.061420,4869199.653599
"721","29010130",INDUGAN HACIENDA,"20",9.814444440000001,-74.852222220000002,2643071.954250,4796938.392045
"722","22045010",DEMOSTRACION GRANJA,"908",3.722444440000000,-75.503444439999996,1969727.092985,4722036.037523
"723","21115080",VILLAVIEJA FFCC,"430",3.183055560000000,-75.247500000000002,1910007.663629,4750328.628376
"724","23050230",SAN JOSE PENSILVAN,"216",5.374305560000000,-75.149166670000000,2152269.864605,4761935.904280
"725","21095010",JUNCAL EL,"460",2.828805560000000,-75.331166670000002,1870855.166547,4740945.556932
"726","21240070",ANZOATEGUI,"1814",4.637500000000000,-75.090000000000003,2070780.609432,4768233.318203
"727","21140130",LIBANO EL,"20",3.645472220000000,-74.666888889999996,1960999.158850,4814937.808150
"728","28035010",VILLA ROSA,"70",10.190666670000001,-73.547388889999993,2684142.798021,4940067.070898
"729","24020150",MAMONAL EL HACIENDA,"1408",6.576666670000000,-73.106166669999993,2284711.125264,4988268.222391
"730","29035110",SAN PABLO,"20",10.043166670000000,-75.258611110000004,2668641.354407,4752537.542199
"731","29065030",PRADO SEVILLA,"18",10.764166670000000,-74.154722219999996,2747714.352816,4873797.011625
"732","21080100",HERRERAS LAS,"1800",2.772833330000000,-75.613055560000006,1864731.220591,4709585.821033
"733","24030940",SENA,"2500",5.756055560000000,-72.907888889999995,2194034.292929,5010194.247527
"734","23175020",AEROPUERTO OTU,"643",7.011750000000000,-74.716305559999995,2333133.755177,4810485.204229
"735","24030350",DUITAMA,"2540",5.830083330000000,-73.044611110000005,2202213.521744,4995063.382301
"736","25021260",BARRANCO DE YUCA,"70",9.173888890000001,-74.850833330000000,2572244.290967,4796713.188850
"737","26225030",COTOVE HACIENDA,"534",6.533916670000000,-75.827333330000002,2280864.130428,4687419.198158
"738","23050080",MARQUETALIA,"1550",5.298916670000000,-75.057472219999994,2143899.467388,4772069.502046
"739","25025190",PLANETA RICA,"90",8.399333329999999,-75.583722219999999,2487060.420339,4715580.748970
"740","23060140",TUSCOLO EL,"985",5.069444440000000,-74.608055559999997,2118386.895234,4821807.098442
"741","24030410",TIBASOSA,"2500",5.743833330000000,-73.004916670000000,2192682.954248,4999455.844151
"742","21205740",SILOS,"2709",5.117722220000000,-73.701416670000000,2123542.758391,4922288.146288
"743","29035040",NUEVA FLORIDA,"13",9.944166670000000,-75.351388889999996,2657762.618597,4742289.114904
"744","21210020",JUNTAS LAS,"1765",4.556305560000000,-75.321638890000003,2061881.910199,4742503.699306
"745","21210120",ESMERALDA LA,"1965",4.490916670000000,-75.239416669999997,2054622.559020,4751605.486289
"746","28010200",HATICO D LOS INDIO,"594",10.860222220000001,-73.114166670000003,2758095.680493,4987527.140480
"747","25021340",ESPERANZA LA,"18",9.249166669999999,-74.736111109999996,2580504.284443,4809357.928075
"748","23215030",AGUAS CLARAS,"208",8.228888890000000,-73.602777779999997,2467337.523311,4933637.338293
"749","25025210",PINILLOS,"10",8.911388890000000,-74.457777780000001,2543026.745990,4839778.594858
"750","25025240",MAJAGUAL,"26",8.544000000000000,-74.542694440000005,2502449.831714,4830277.498645
"751","21195110",PENAS BLANCAS,"250",3.964722220000000,-74.443749999999994,1996241.715306,4839775.907591
"752","22060080",PANDO EL,"976",3.766388890000000,-75.548555559999997,1974601.693162,4717038.089528
"753","25020770",SAN PEDRO,"200",9.403055560000000,-75.052777780000000,2597706.662020,4774670.546262
"754","21255120",VILLAHERMOSA,"269",5.016852780000000,-75.117611109999999,2112734.220167,4765300.572248
"755","28020590",LETICIA,"140",10.152388889999999,-73.221722220000004,2679869.948815,4975721.310005
"756","21205910",COSECHA LA,"2600",4.989222220000000,-74.001194440000006,2109386.103214,4889050.246580
"757","21210030",PASTALES,"1602",4.511055560000000,-75.300833330000003,2056870.700291,4744796.621130
"758","24010170",GUACHETA,"2690",5.385888890000000,-73.691055559999995,2153174.754367,4923468.853915
"759","26225040",PIUNTI HACIENDA,"1650",6.729500000000000,-75.912972220000000,2302557.667477,4678070.518639
"760","21120010",PARAGUAY HACIENDA,"1300",2.977750000000000,-75.485388889999996,1887362.952353,4723833.151021
"761","29010050",ZAMBRANO,"15",9.699444440000001,-74.815555560000007,2630334.416617,4800891.189793
"762","23065120",CABRERA LA,"20",5.141555560000000,-74.139361109999996,2126246.273126,4873766.659577
"763","23205020",COL COOPERATIVO,"165",7.475000000000000,-73.925555560000006,2384085.179387,4897914.848226
"764","23040030",IDEMA-DORADA,"192",5.479194440000000,-74.676166670000001,2163700.608588,4814379.276555
"765","26075010",PALMIRA ICA,"118",3.513472220000000,-76.314888890000006,1946896.616281,4631766.554742
"766","23060110",CAPARRAPI,"1270",5.352194440000000,-74.494777780000007,2149609.829932,4834436.707510
"767","26045010",INGENIO BENGALA,"983",3.262805560000000,-76.414472219999993,1919191.199804,4620593.624781
"768","29030150",SAN CRISTOBAL,"70",9.868055560000000,-75.250277780000005,2649267.843941,4753319.447132
"769","29060200",MARIA LA,"30",10.540666670000000,-74.186972220000001,2723020.780795,4870177.219848
"770","25020970",ARENAL,"74",8.459444440000000,-73.941111109999994,2492891.183222,4896446.711160
"771","23085220",SAN CARLOS,"1113",6.157666670000000,-75.038916670000006,2238841.189360,4774463.368252
"772","22055020",MESA DE POLE,"699",3.455777780000000,-75.536361110000001,1940244.639176,4718297.059245
"773","26105230",MATEGUADUA,"1119",4.028333330000000,-76.168527780000005,2003814.372375,4648249.426392
"774","22050060",SAN JOSE D HERMOSA,"215",3.903527780000000,-75.693166669999997,1989819.306097,4701018.388929
"775","21205700",GUASCA,"2750",4.879861110000000,-73.868111110000001,2097280.051603,4903783.646907
"776","21190290",CARMEN DE APICALA,"321",4.161027780000001,-74.713111110000000,2017998.425473,4809920.620766
"777","24030670",SANTA ROSITA,"3240",6.139638890000000,-72.771000000000001,2236423.973239,5025326.704465
"778","26240170",PLAYALTA,"175",7.562555560000000,-75.448555560000003,2394413.076175,4729919.537895
"779","26105150",SAN MARCOS,"111",4.238916670000000,-76.033055559999994,2027057.287986,4663392.047733
"780","23025020",ESPERANZA LA,"208",5.262638890000000,-74.729138890000002,2139778.059677,4808443.689284
"781","25021280",COYONGAL ALERTAS,"20",8.968333330000000,-74.511944439999994,2549345.835276,4833849.766663
"782","29035030",PRESA AY GRANDE,"60",9.879444440000000,-75.326583330000005,2650584.826742,4744959.148567
"783","24010150",SIMIJACA,"2590",5.511305560000000,-73.863694440000003,2167058.680295,4904368.461864
"784","25025170",COLOMBOY,"125",8.740861110000003,-75.498833329999997,2524776.749274,4725176.907597
"785","21105050",ROSALES LOS,"553",2.603055560000000,-75.418333329999996,1845909.984132,4731203.407075
"786","23085080",NUS GRANJA EXP EL,"859",6.483583330000000,-74.836694440000002,2274791.714989,4796967.524899
"787","26100400",ALCAZAR EL,"17",4.306861110000000,-76.018777779999994,2034568.792064,4665007.597218
"788","25025250",CHIRIGUANA,"40",9.361027780000001,-73.593388890000000,2592457.116311,4934869.176458
"789","25021470",TORNO EL HACIENDA,"60",8.576388890000000,-75.089722219999999,2506315.064992,4770092.309581
"790","24035300",SAN CRISTOBAL,"2700",5.596916670000000,-73.187722219999998,2176452.473624,4979218.421685
"791","21206060",CASABLANCA,"2575",4.717111110000000,-74.253333330000004,2079360.206339,4861049.232947
"792","26160100",NEIRA,"198",5.163166670000000,-75.518444439999996,2129073.950079,4720912.372952
"793","29030530",PLATANO,"60",9.919166669999999,-75.235833330000006,2654910.013266,4754941.565700
"794","21180120",LORENA LA HACIENDA,"450",4.029166670000001,-75.105555559999999,2003524.460688,4766320.694632
"795","23065100",SABANETA,"2475",4.901750000000000,-74.307388889999999,2099777.914810,4855094.400347
"796","25021330",GUAYMARAL,"20",9.115444439999999,-74.613472220000006,2565657.190275,4822761.960543
"797","23070010",CLARO DE LUNA,"3347",5.861416670000000,-74.762027779999997,2205981.863701,4804996.453516
"798","21210140",PLAN EL,"388",4.383750000000000,-75.496861109999998,2042862.781910,4722992.885322
"799","21250050",ALTO DEL OSO,"3150",4.850000000000000,-75.250000000000000,2094332.831203,4750558.021851
"800","27015150",PROGRESO EL HACIENDA,"1345",6.447472220000000,-75.397166670000004,2271056.750149,4734961.458991
"801","21206280",ACAPULCO,"2650",4.653833330000000,-74.333055560000005,2072382.971315,4852195.999259
"802","23190500",SAN ALBERTO,"134",7.759722220000000,-73.388333329999995,2415460.808317,4957198.116858
"803","25010060",URE,"200",7.788055560000000,-75.538333330000000,2419412.639557,4720158.369809
"804","26240150",PUERTO VALDIVIA,"150",7.286027780000000,-75.396527780000000,2363797.553262,4735496.198463
"805","23195110",LLANO GRANDE,"777",7.025555560000000,-73.167222219999999,2334316.018601,4981538.505585
"806","24015120",ISLA DEL SANTUARIO,"2580",5.467277780000000,-73.734805559999998,2162174.270637,4918634.401455
"807","29030520",MONTECRISANTO,"70",9.949305560000001,-75.217194440000000,2658229.602528,4757007.714987
"808","23125060",ALBANIA,"1690",5.758333330000000,-73.913333330000000,2194365.999608,4898914.538990
"809","25025020",MONTERREY FORESTAL,"25",9.731666669999999,-74.838055560000001,2633910.538650,4798442.150078
"810","27040030",ESMERALDA LA,"100",7.751111110000000,-74.853055560000001,2414935.291509,4795720.061803
"811","23065110",YACOPI,"1347",5.484166670000000,-74.354583329999997,2164160.195489,4850000.383782
"812","21185080",VALLE DE SAN JUAN,"591",4.216458330000000,-75.104611109999993,2024232.253600,4766480.271019
"813","21050110",INZA,"1800",2.548194440000000,-76.063944440000000,1839995.962169,4659368.031779
"814","23095010",AEROPUERTO PUERTO BERRIO,"150",6.465000000000000,-74.412222220000004,2272587.349078,4843894.686962
"815","23080920",SANTUARIO,"1250",6.133055560000000,-75.273583329999994,2236224.478369,4748481.218309
"816","21190410",GRANJA LA HACIENDA,"1104",4.164611110000000,-74.587333330000007,2018365.323485,4823880.873061
"817","23020080",MANZANARES,"1974",5.265611110000000,-75.144083330000001,2140249.329835,4762457.528843
"818","25020480",PAJAROS  LOS,"25",8.340555560000000,-74.867777779999997,2480113.966269,4794394.000751
"819","24030500",COL DPTAL AGROP,"2900",5.558833330000000,-73.281666670000007,2172248.510128,4968816.326746
"820","21105030",ALGECIRAS,"1155",2.521694440000000,-75.322249999999997,1836893.056799,4741872.699517
"821","21206180",PRIMAVERA D MATIMA,"1850",4.805500000000000,-74.443472220000004,2089170.491261,4839985.785649
"822","26170180",CARAMANTA,"850",5.547833330000000,-75.641305560000006,2171677.840342,4707471.084476
"823","24010750",MIRAVALLES,"1730",5.925833330000000,-73.609166669999993,2212830.449405,4932600.543545
"824","21080110",SAN JOSE HACIENDA,"10",2.578694440000000,-75.718666670000005,1843283.389073,4697791.968548
"825","24030650",TUTAZA,"2833",6.033611110000000,-72.855611109999998,2224704.786968,5015972.078074
"826","23050250",NORCASIA RADIO,"737",5.574472220000000,-74.891694439999995,2174305.109955,4790536.892009
"827","29040080",POLONUEVO,"80",10.779000000000000,-74.857916669999994,2749732.171541,4796932.307299
"828","25021660",MIRASOL,"30",8.600833330000000,-75.257222220000003,2509122.801086,4751671.322488
"829","23125140",AEROPUERTO FURATENA,"1250",5.520833330000000,-74.182416669999995,2168172.216225,4869076.127845
"830","23190320",PROVINCIA,"109",7.402500000000000,-73.435000000000002,2375989.803802,4952014.910586
"831","23125050",CARARE,"168",6.649444440000000,-74.061388890000003,2292877.656019,4882723.573360
"832","26130200",RECUERDO EL,"1587",4.962416670000000,-75.741666670000001,2106969.330207,4696063.652952
"833","24030560",MONGUA,"2900",5.758388890000000,-72.794499999999999,2194295.389256,5022743.324478
"834","24030120",PESCA,"2678",5.523033060000000,-73.076847779999994,2168285.841978,4991491.604119
"835","21210170",PALOGRANDE HACIENDA,"2212",4.331888890000000,-75.401333330000000,2037092.852165,4733578.966794
"836","29030480",CAMARON,"60",9.855277780000000,-75.310555559999997,2647899.694879,4746698.542082
"837","23190440",NARANJO EL,"825",7.205000000000000,-73.299722220000007,2354152.694702,4966923.125025
"838","28010360",ATANQUEZ,"800",10.697333329999999,-73.353055560000001,2740112.175758,4961407.261708
"839","25020230",JAGUA LA,"170",9.562166670000000,-73.339472220000005,2614649.609001,4962761.344928
"840","24035040",LA COPA,"2700",5.579194440000000,-73.208777780000005,2174495.005895,4976886.784965
"841","25020740",EUREKA HACIENDA,"20",8.629166670000000,-75.014722219999996,2512106.929421,4778377.725341
"842","26100800",NOGALES ALTAGRACIA,"2507",3.888666670000000,-76.065833330000004,1988316.735194,4659603.832733
"843","27010960",MONOS HACIENDA,"1100",6.898611110000000,-74.902138890000003,2320704.087225,4789908.140004
"844","21205920",SUASUQUE,"2650",4.820833330000000,-73.963888890000007,2090771.374273,4893157.974511
"845","24030420",PILA LA FINCA,"2873",5.518916670000000,-73.310722220000002,2167839.419545,4965597.211576
"846","23190510",CAOBO EL,"300",7.595555560000000,-73.327500000000001,2397313.526235,4963889.356024
"847","23190460",PAPAYAL,"100",7.615555560000000,-73.648888889999995,2399563.682126,4928454.737904
"848","24020230",PUEBLO VIEJO,"2107",6.248777780000000,-72.946722219999998,2248478.567412,5005891.136074
"849","29060350",BAYANO,"30",10.631166670000001,-74.298583330000000,2733074.001704,4858009.756311
"850","23065060",SANTA TERESA,"2200",4.842166670000000,-74.461694440000002,2093227.526827,4837974.049374
"851","24030770",GARROCHO EL,"2836",5.623472220000000,-73.126305560000006,2179384.956683,4986018.130193
"852","21206260",C.UNIV.AGROP-UDCA,"2570",4.798638890000000,-74.049722220000007,2088332.674870,4883639.018538
"853","21165030",LOZANIA,"394",3.897916670000000,-74.771527780000000,1988927.391512,4803373.723010
"854","24030820",AZULEJOS LOS,"2780",5.663722220000000,-73.210111110000000,2183835.141079,4976742.530131
"855","28040150",BELLAVISTA,"140",10.308055560000000,-74.039222219999999,2697250.677787,4886254.478633
"856","29010120",CANONEGRO HACIENDA,"80",9.741111110000000,-74.952222219999996,2635024.937444,4785924.394950
"857","24030450",ENCANTO EL,"2645",5.606333330000000,-73.323361109999993,2177499.528639,4964203.118934
"858","26105160",AEROPUERTO FARFAN,"980",4.090083330000000,-76.223583329999997,2010671.992334,4642158.361118
"859","23125090",PAUNA,"1225",5.649472220000000,-73.981027780000005,2182347.886884,4891401.113485
"860","23155040",CENTRO EL,"114",6.859555560000000,-73.765083329999996,2316036.770640,4915502.116186
"861","28020420",SAN GABRIEL,"70",9.844611110000001,-73.547694440000001,2645895.349318,4939970.015304
"862","29040270",RABON EL HACIENDA,"4",10.386944440000001,-74.962777779999996,2706448.555352,4785194.166076
"863","21050070",BELALCAZAR,"1439",2.657000000000000,-75.974972219999998,1852010.729004,4669296.922351
"864","21205660",MERCEDES LAS,"810",4.581888890000000,-74.526611110000005,2064474.280561,4830713.525733
"865","23215050",MATA LA,"163",8.614444440000000,-73.636388890000006,2509953.381694,4930006.106055
"866","26105110",INGENIO RIOPAILA,"954",4.324500000000000,-76.084527780000002,2036549.804276,4657712.316312
"867","21206020",SANTILLANA,"2575",4.898527780000000,-74.104833330000005,2099381.419845,4877547.251603
"868","21205720",SAN JORGE GRANJA,"2900",4.505750000000000,-74.189277779999998,2055988.832995,4868112.803035
"869","25020670",RAYA LA,"500",9.050277780000000,-73.559722219999998,2558107.208584,4938510.896363
"870","26040260",TORIBIO ALERTAS,"1774",2.952361110000000,-76.262222219999998,1884778.530494,4637423.780158
"871","29045110",JUAN DE ACOSTA,"20",10.833888890000001,-75.046111109999998,2755933.541546,4776395.766070
"872","29040070",PONEDERA,"8",10.641777780000000,-74.770722219999996,2734502.536098,4806378.274786
"873","26135100",BOHEMIA LA,"995",4.878027780000000,-75.877555560000005,2097697.193931,4680946.725521
"874","21255150",GARCIA HACIENDA,"350",4.855416670000000,-74.891555560000000,2094810.132156,4790313.647419
"875","26095080",TENERIFE,"2628",3.729972220000000,-76.074777780000005,1970760.863490,4658547.123460
"876","22045020",LIMON EL,"130",3.651833330000000,-75.584194440000005,1961943.191688,4713041.508578
"877","26075050",INGENIO MANUELITA,"159",3.574055560000000,-76.277805560000004,1953586.874930,4635914.201449
